Region/Country/Area,Year,Population aged 0 to 14 years old (percentage),Population aged 60+ years old (percentage),Population density,Population mid-year estimates (millions),Population mid-year estimates for females (millions),Population mid-year estimates for males (millions),Sex ratio (males per 100 females),Surface area (thousand km2)
Afghanistan,2005,47.8596,3.6579,39.2952,25.6543,12.4146,13.2397,106.6462,
Afghanistan,2010,48.1781,3.874,44.7041,29.1855,14.2498,14.9358,104.8141,
Afghanistan,2017,43.6825,4.0661,55.5956,36.2961,17.6441,18.652,105.7122,652.864
Afghanistan,2020,41.8226,4.2228,59.6274,38.9283,18.9521,19.9763,105.4041,
Albania,2005,26.5009,12.2865,112.6573,3.0868,1.5348,1.552,101.1167,
Albania,2010,22.4551,14.9649,107.5921,2.948,1.463,1.4851,101.5111,
Albania,2017,18.0283,19.0889,105.2616,2.8842,1.4146,1.4696,103.8886,28.748
Albania,2020,17.2359,21.1838,105.0291,2.8778,1.4131,1.4647,103.6536,
Algeria,2005,29.1927,7.0221,13.9183,33.1497,16.3837,16.766,102.3336,
Algeria,2010,27.2828,7.7953,15.1055,35.9775,17.8161,18.1614,101.938,
Algeria,2017,29.6396,9.305,17.3777,41.3892,20.4824,20.9068,102.0717,2381.741
Algeria,2020,30.7835,9.9067,18.4113,43.851,21.6972,22.1538,102.1043,
American Samoa,2000,38.7705,5.4197,287.605,0.0575,,,104.4136,
American Samoa,2005,,,295.59,0.0591,,,,
American Samoa,2010,34.988,6.749,278.185,0.0556,,,102.9574,
American Samoa,2016,33.3418,8.9579,277.995,0.0556,,,103.6101,
American Samoa,2017,,,278.205,0.0556,,,,0.199
American Samoa,2020,,,278.995,0.0558,,,,
Andorra,2005,15.0632,16.0537,167.8021,0.0789,,,109.0459,
Andorra,2010,13.9777,18.594,179.6787,0.0844,,,108.4696,
Andorra,2016,14.4338,19.0387,164.4277,0.0773,,,102.2981,
Andorra,2017,,,163.7553,0.077,,,,0.468
Andorra,2020,,,164.2213,0.0772,,,,
Angola,2005,46.884,3.9544,15.588,19.4336,9.7941,9.6395,98.4209,
Angola,2010,47.0416,3.7607,18.7345,23.3562,11.807,11.5493,97.8175,
Angola,2017,46.953,3.5797,23.9166,29.8168,15.0675,14.7493,97.8886,1246.7
Angola,2020,46.3954,3.6579,26.3626,32.8663,16.6054,16.2609,97.9252,
Anguilla,2001,27.6966,10.1548,126.3556,0.0114,,,97.2867,
Anguilla,2005,,,140.4222,0.0126,,,,
Anguilla,2010,,,152.9889,0.0138,,,,
Anguilla,2011,23.295,7.5509,155.0111,0.014,,,97.5503,
Anguilla,2017,,,165.6556,0.0149,,,,0.091
Anguilla,2020,,,169.8111,0.0153,,,,
Antigua and Barbuda,2005,26.5071,9.8165,185.1477,0.0815,0.0428,0.0386,90.1896,
Antigua and Barbuda,2010,24.34,10.7375,200.0636,0.088,0.0459,0.0421,91.7364,
Antigua and Barbuda,2017,22.2319,12.7712,216.8773,0.0954,0.0494,0.046,93.0156,0.442
Antigua and Barbuda,2020,21.8505,14.0888,222.5659,0.0979,0.0507,0.0473,93.3082,
Argentina,2005,27.28,13.5952,14.2117,38.8929,19.9956,18.8974,94.5078,
Argentina,2010,26.036,14.2133,14.9435,40.8958,20.997,19.8988,94.7695,
Argentina,2017,24.9268,15.1301,16.0548,43.9371,22.5173,21.4198,95.1258,2780.4
Argentina,2020,24.4353,15.5345,16.5148,45.1958,23.1466,22.0491,95.2586,
Armenia,2005,21.4615,14.3771,104.7162,2.9813,1.5794,1.4019,88.7601,
Armenia,2010,19.4607,14.7881,101.0649,2.8773,1.531,1.3464,87.9414,
Armenia,2017,20.4544,16.7716,103.4349,2.9448,1.5594,1.3854,88.8379,29.743
Armenia,2020,20.8323,18.4537,104.083,2.9632,1.5695,1.3937,88.8027,
Aruba,2005,21.4733,12.6141,555.7278,0.1,0.0525,0.0476,90.6966,
Aruba,2010,20.8736,15.4796,564.8278,0.1017,0.0532,0.0485,91.0996,
Aruba,2017,17.9802,19.7009,585.3667,0.1054,0.0553,0.05,90.4298,0.18
Aruba,2020,17.3819,21.8225,593.1444,0.1068,0.0561,0.0506,90.2323,
Australia,2005,19.8148,17.4165,2.6266,20.1785,10.1085,10.0701,99.6201,
Australia,2010,19.0323,18.8436,2.8839,22.1547,11.0753,11.0794,100.0366,
Australia,2017,19.065,20.8116,3.2002,24.5846,12.341,12.2436,99.2113,7692.06
Australia,2020,19.2924,21.7759,3.3193,25.4999,12.8013,12.6986,99.1983,
Austria,2005,15.9718,22.0952,100.1547,8.2537,4.2416,4.0121,94.5884,
Austria,2010,14.7167,23.2676,102.0513,8.4099,4.3113,4.0986,95.0674,
Austria,2017,14.2309,24.7457,107.0259,8.8199,4.4897,4.3302,96.447,83.871
Austria,2020,14.4122,25.6701,109.289,9.0064,4.5667,4.4397,97.2186,
Azerbaijan,2005,26.2295,8.521,103.3004,8.5386,4.3318,4.2068,97.1145,
Azerbaijan,2010,22.8353,8.1149,109.2751,9.0325,4.5574,4.4751,98.1945,
Azerbaijan,2017,23.2877,10.0693,119.1091,9.8453,4.9379,4.9074,99.3816,86.6
Azerbaijan,2020,23.5153,11.6393,122.6642,10.1392,5.0745,5.0647,99.806,
Bahamas,2005,28.1091,8.6268,32.4534,0.3249,0.1671,0.1578,94.4324,
Bahamas,2010,26.8838,9.0071,35.4587,0.3549,0.1829,0.172,94.0294,
Bahamas,2017,22.8741,10.8991,38.1374,0.3818,0.1964,0.1854,94.4079,13.94
Bahamas,2020,21.6013,12.2191,39.2851,0.3932,0.2022,0.1911,94.528,
Bahrain,2005,25.6844,3.4373,1169.9526,0.8892,0.355,0.5341,150.4548,
Bahrain,2010,20.3116,3.5461,1632.7105,1.2409,0.4668,0.7741,165.8161,
Bahrain,2017,19.8415,4.6051,1965.8895,1.4941,0.5542,0.9399,169.5785,0.771
Bahrain,2020,18.2824,5.3029,2238.9145,1.7016,0.6011,1.1005,183.074,
Bangladesh,2005,34.3646,6.6508,1068.1071,139.0355,67.8139,71.2216,105.0251,
Bangladesh,2010,31.9869,7.0118,1133.7131,147.5754,72.5597,75.0157,103.3847,
Bangladesh,2017,28.2246,7.4013,1226.7452,159.6854,78.8164,80.8691,102.6044,147.57
Bangladesh,2020,26.7545,7.9597,1265.1869,164.6894,81.4303,83.2591,102.2459,
Barbados,2005,20.5633,16.1485,642.6116,0.2763,0.1437,0.1326,92.3243,
Barbados,2010,19.743,18.0859,656.1186,0.2821,0.1467,0.1354,92.2594,
Barbados,2017,17.6402,21.3624,665.6558,0.2862,0.148,0.1382,93.3901,0.431
Barbados,2020,16.7603,23.1537,668.314,0.2874,0.1483,0.1391,93.7938,
Belarus,2005,15.5981,18.54,47.1248,9.5621,5.0981,4.464,87.5618,
Belarus,2010,14.8957,19.0625,46.4274,9.4206,5.0408,4.3797,86.8849,
Belarus,2017,16.7079,21.3287,46.5735,9.4502,5.0519,4.3984,87.0642,207.6
Belarus,2020,17.2404,22.6181,46.569,9.4493,5.05,4.3994,87.117,
Belgium,2005,17.1501,22.1143,348.312,10.5469,5.3727,5.1742,96.3069,
Belgium,2010,16.8827,23.2156,361.2529,10.9387,5.5668,5.372,96.5004,
Belgium,2017,17.0365,24.6264,377.1383,11.4197,5.7887,5.631,97.2751,30.528
Belgium,2020,17.034,25.6039,382.7484,11.5896,5.8453,5.7443,98.273,
Belize,2005,38.9024,4.8467,12.4419,0.2838,0.1411,0.1427,101.0812,
Belize,2010,35.6127,5.956,14.137,0.3225,0.1611,0.1613,100.1185,
Belize,2017,30.9036,6.9745,16.4739,0.3758,0.1885,0.1873,99.3723,22.966
Belize,2020,29.1994,7.637,17.4322,0.3976,0.1999,0.1978,98.9498,
Benin,2005,44.4385,4.9669,70.7895,7.9822,4.0268,3.9554,98.2264,
Benin,2010,43.846,4.9187,81.5826,9.1993,4.6304,4.5688,98.67,
Benin,2017,42.6686,4.9885,99.106,11.1752,5.6009,5.5743,99.5251,114.763
Benin,2020,41.9446,5.0815,107.5133,12.1232,6.069,6.0542,99.7578,
Bermuda,2005,18.3606,16.432,1302.6,0.0651,,,91.7851,
Bermuda,2010,17.4398,18.7216,1279.12,0.064,,,92.3658,
Bermuda,2017,14.7605,24.923,1226.98,0.0613,,,91.4191,0.053
Bermuda,2020,,,1212.78,0.0606,,,,
Bhutan,2005,35.0808,6.7788,17.0197,0.6487,0.3086,0.3402,110.2339,
Bhutan,2010,31.1726,7.5321,17.9842,0.6855,0.3254,0.3601,110.6521,
Bhutan,2017,26.2194,8.4354,19.5599,0.7456,0.3511,0.3945,112.3724,38.394
Bhutan,2020,24.8945,8.9658,20.2431,0.7716,0.3615,0.4101,113.4325,
Bolivia (Plurin. State of),2005,36.3266,8.1392,8.5224,9.2323,4.5848,4.6475,101.3686,
Bolivia (Plurin. State of),2010,34.4895,8.7869,9.2759,10.0486,4.9925,5.0561,101.2744,
Bolivia (Plurin. State of),2017,31.5346,9.841,10.3322,11.1929,5.5704,5.6225,100.9357,1098.581
Bolivia (Plurin. State of),2020,30.203,10.3673,10.7754,11.673,5.815,5.858,100.7396,
"Bonaire, St. Eustatius & Saba",2005,,,43.9116,0.0144,,,,
"Bonaire, St. Eustatius & Saba",2010,,,63.8415,0.0209,,,,
"Bonaire, St. Eustatius & Saba",2020,,,79.9146,0.0262,,,,
Bosnia and Herzegovina,2005,17.7019,17.4279,73.83,3.7653,1.9158,1.8495,96.5392,
Bosnia and Herzegovina,2010,15.7371,19.2814,72.6563,3.7055,1.8859,1.8195,96.479,
Bosnia and Herzegovina,2017,14.7957,23.01,65.7162,3.3515,1.7093,1.6423,96.0808,51.209
Bosnia and Herzegovina,2020,14.5225,25.2909,64.3298,3.2808,1.6742,1.6066,95.9624,
Botswana,2005,36.522,5.1005,3.1745,1.7991,0.9242,0.8749,94.6617,
Botswana,2010,34.9684,5.302,3.5063,1.9871,1.0152,0.9719,95.7273,
Botswana,2017,34.4388,6.5272,3.8909,2.2051,1.1426,1.0625,92.9864,582.0
Botswana,2020,33.4037,7.0248,4.1495,2.3516,1.2125,1.1391,93.9443,
Brazil,2005,27.3617,8.8058,22.269,186.1271,94.125,92.0021,97.7446,
Brazil,2010,24.8234,10.1533,23.4159,195.7136,99.1774,96.5363,97.337,
Brazil,2017,21.6838,12.7425,24.866,207.8338,105.6017,102.2321,96.8091,8515.767
Brazil,2020,20.7092,14.0466,25.4314,212.5594,108.1236,104.4358,96.5892,
British Virgin Islands,2001,26.2508,7.3909,140.5667,0.0211,,,106.0579,
British Virgin Islands,2005,,,154.4533,0.0232,,,,
British Virgin Islands,2010,22.3426,9.6992,181.4933,0.0272,,,97.0915,
British Virgin Islands,2017,,,207.9733,0.0312,,,,0.151
British Virgin Islands,2020,,,217.56,0.0326,,,,
Brunei Darussalam,2005,27.831,4.793,69.2816,0.3651,0.1787,0.1864,104.3351,
Brunei Darussalam,2010,25.9591,5.3643,73.7469,0.3886,0.1879,0.2007,106.8137,
Brunei Darussalam,2017,23.496,7.9291,80.5452,0.4245,0.2038,0.2207,108.3312,5.765
Brunei Darussalam,2020,22.324,9.4983,83.0131,0.4375,0.2105,0.227,107.8344,
Bulgaria,2005,13.6164,23.0912,70.8084,7.687,3.9463,3.7407,94.7886,
Bulgaria,2010,13.4963,25.2613,68.3954,7.425,3.8094,3.6156,94.9139,
Bulgaria,2017,14.4447,27.599,65.4241,7.1024,3.6505,3.4519,94.5606,111.002
Bulgaria,2020,14.6795,28.1931,64.0056,6.9484,3.5743,3.3741,94.3989,
Burkina Faso,2005,46.4959,4.0793,49.0568,13.4219,6.7999,6.622,97.3834,
Burkina Faso,2010,46.2234,3.9013,57.0366,15.6052,7.8676,7.7376,98.348,
Burkina Faso,2017,45.1815,3.8616,70.1507,19.1932,9.6214,9.5718,99.4851,272.967
Burkina Faso,2020,44.3703,3.9268,76.4009,20.9033,10.4586,10.4447,99.8676,
Burundi,2005,46.9779,3.4441,286.7937,7.3649,3.7356,3.6293,97.1559,
Burundi,2010,45.1403,3.3323,337.835,8.6756,4.3878,4.2879,97.7231,
Burundi,2017,45.5555,3.8347,421.6129,10.827,5.4615,5.3655,98.2419,27.83
Burundi,2020,45.2519,4.073,463.0368,11.8908,5.9909,5.8999,98.4801,
Cabo Verde,2005,37.6387,7.1624,114.8963,0.463,0.2377,0.2253,94.76,
Cabo Verde,2010,32.3138,6.5316,122.2467,0.4927,0.2466,0.2461,99.7924,
Cabo Verde,2017,29.1832,7.0361,133.3742,0.5375,0.2679,0.2696,100.6544,4.033
Cabo Verde,2020,28.0816,7.5577,137.962,0.556,0.2769,0.2791,100.8112,
Cambodia,2005,37.0661,5.3168,75.1946,13.2734,6.8314,6.442,94.3006,
Cambodia,2010,33.3266,5.8793,81.0798,14.3122,7.3402,6.9721,94.9851,
Cambodia,2017,31.2724,7.0525,90.6946,16.0094,8.198,7.8114,95.2837,181.035
Cambodia,2020,30.925,7.5654,94.7143,16.719,8.5565,8.1624,95.3939,
Cameroon,2005,44.1789,4.6558,37.5144,17.7334,8.8962,8.8372,99.3362,
Cameroon,2010,43.6907,4.432,43.0311,20.3412,10.1874,10.1538,99.6697,
Cameroon,2017,42.8673,4.3007,51.9686,24.5661,12.2866,12.2795,99.9424,475.65
Cameroon,2020,42.0639,4.2998,56.1568,26.5459,13.2688,13.2771,100.0624,
Canada,2005,17.6759,17.8723,3.5371,32.1643,16.2189,15.9454,98.3142,
Canada,2010,16.4886,19.8951,3.7552,34.1476,17.2058,16.9418,98.4659,
Canada,2017,15.87,23.2775,4.0394,36.7321,18.5139,18.2182,98.4026,9984.67
Canada,2020,15.7753,24.894,4.1504,37.7422,19.01,18.7322,98.5387,
Cayman Islands,2005,,,202.5917,0.0486,,,100.9537,
Cayman Islands,2010,18.1154,8.5599,231.2792,0.0555,,,97.8431,
Cayman Islands,2015,18.2808,6.6873,249.8458,0.06,,,100.3814,0.264
Cayman Islands,2017,,,256.4958,0.0616,,,,0.264
Cayman Islands,2020,,,266.2083,0.0639,,,,
Central African Republic,2005,43.4998,4.973,6.4824,4.0384,2.0425,1.9959,97.7173,
Central African Republic,2010,44.0561,4.5572,7.0416,4.3868,2.2151,2.1716,98.037,
Central African Republic,2017,44.6462,4.4704,7.3775,4.596,2.3181,2.2779,98.2628,622.984
Central African Republic,2020,43.5417,4.4743,7.7527,4.8298,2.4357,2.394,98.2888,
Chad,2005,49.1455,4.1732,8.0183,10.0966,5.0651,5.0315,99.3359,
Chad,2010,48.7669,3.9427,9.4918,11.9521,5.9902,5.9619,99.5268,
Chad,2017,47.4006,3.9439,11.9256,15.0168,7.5218,7.495,99.6443,1284.0
Chad,2020,46.4903,3.9355,13.0447,16.4259,8.2257,8.2002,99.6898,
Channel Islands,2005,16.2772,20.587,798.3053,0.1517,0.0774,0.0743,96.0778,
Channel Islands,2010,15.544,21.4638,840.7053,0.1597,0.081,0.0787,97.0951,
Channel Islands,2017,15.3268,22.939,887.7105,0.1687,0.0853,0.0834,97.8348,0.18
Channel Islands,2020,14.9744,24.0247,915.0684,0.1739,0.0878,0.0861,98.0419,
Chile,2005,24.6648,11.8575,21.7647,16.1827,8.2198,7.9629,96.8739,
Chile,2010,22.0818,13.2874,22.948,17.0625,8.6655,8.397,96.9012,
Chile,2017,20.0242,16.1159,24.8415,18.4704,9.3732,9.0973,97.0562,756.102
Chile,2020,19.2387,17.3812,25.71,19.1162,9.6905,9.4257,97.2667,
China,2005,20.3534,10.7718,141.7497,1330.7764,647.2905,683.4859,105.5918,
China,2010,18.66,12.2005,145.801,1368.8106,665.3966,703.414,105.7135,
China,2017,17.9374,15.9633,151.3624,1421.0218,691.5594,729.4624,105.4808,9600.0
China,2020,17.7118,17.3537,153.3118,1439.3238,701.0764,738.2473,105.302,
"China, Hong Kong SAR",2005,14.3481,15.5529,6447.2133,6.7696,3.5174,3.2521,92.4577,
"China, Hong Kong SAR",2010,11.9287,18.4052,6634.601,6.9663,3.6898,3.2765,88.7997,
"China, Hong Kong SAR",2017,11.4752,23.4615,6958.4019,7.3063,3.933,3.3733,85.7683,1.1057
"China, Hong Kong SAR",2020,12.6724,26.0544,7139.9819,7.497,4.0573,3.4397,84.7768,
"China, Macao SAR",2005,17.0164,9.6277,16149.097,0.4829,0.2535,0.2294,90.5078,
"China, Macao SAR",2010,12.9674,10.934,18000.6355,0.5382,0.2799,0.2583,92.2938,
"China, Macao SAR",2017,13.2804,16.1189,20822.2408,0.6226,0.3237,0.2988,92.3033,0.03
"China, Macao SAR",2020,14.3544,18.8713,21716.8896,0.6493,0.3372,0.3121,92.5448,
Colombia,2005,30.3211,8.4457,38.4387,42.6477,21.7466,20.9011,96.1118,
Colombia,2010,27.2685,9.6972,40.7595,45.2227,23.063,22.1597,96.083,
Colombia,2017,23.5569,12.0886,44.0828,48.9098,24.9198,23.9901,96.2693,1141.748
Colombia,2020,22.1836,13.1611,45.8611,50.8829,25.8983,24.9846,96.4718,
Comoros,2005,42.27,4.6226,328.655,0.6116,0.3036,0.308,101.4489,
Comoros,2010,41.0441,4.4979,370.6029,0.6897,0.3421,0.3476,101.6248,
Comoros,2017,39.7725,4.8678,437.3412,0.8139,0.4034,0.4105,101.7736,2.235
Comoros,2020,39.0198,5.1221,467.2762,0.8696,0.4309,0.4387,101.7893,
Congo,2005,41.8495,4.1497,10.6084,3.6228,1.8272,1.7956,98.2725,
Congo,2010,41.6347,4.0299,12.5146,4.2737,2.1473,2.1264,99.0259,
Congo,2017,41.9442,4.2914,14.9654,5.1107,2.5594,2.5513,99.6847,342.0
Congo,2020,41.2703,4.526,16.1584,5.5181,2.7614,2.7567,99.8285,
Cook Islands,2001,30.0383,10.6396,76.3417,0.0183,,,106.6369,
Cook Islands,2005,,,82.125,0.0197,,,,
Cook Islands,2006,26.0514,11.8504,82.0667,0.0197,,,103.0611,
Cook Islands,2010,,,77.2708,0.0185,,,,
Cook Islands,2016,26.8702,14.1955,72.4125,0.0174,,,97.4026,
Cook Islands,2017,,,72.4167,0.0174,,,,0.236
Cook Islands,2020,,,72.9792,0.0175,,,,
Costa Rica,2005,27.4361,9.2357,83.9307,4.2855,2.1369,2.1486,100.546,
Costa Rica,2010,24.3076,10.7989,89.647,4.5774,2.2846,2.2928,100.358,
Costa Rica,2017,21.5774,13.4657,96.9439,4.95,2.4747,2.4752,100.0208,51.1
Costa Rica,2020,20.828,15.049,99.7673,5.0941,2.549,2.5451,99.8446,
Croatia,2005,15.7309,21.9218,78.2355,4.3781,2.2698,2.1083,92.8875,
Croatia,2010,15.4426,23.7939,77.3439,4.3282,2.2436,2.0846,92.9152,
Croatia,2017,14.438,27.1453,74.7473,4.1829,2.1702,2.0127,92.7411,56.594
Croatia,2020,14.5416,28.2931,73.3607,4.1053,2.126,1.9793,93.1004,
Cuba,2005,19.2011,15.3594,105.8022,11.2616,5.6484,5.6132,99.3776,
Cuba,2010,17.7411,17.3467,105.4663,11.2258,5.6422,5.5836,98.9615,
Cuba,2017,16.4063,19.9892,106.5319,11.3393,5.7063,5.633,98.7147,109.884
Cuba,2020,15.9207,21.2524,106.4132,11.3266,5.7031,5.6235,98.6029,
Curaçao,2005,21.5546,17.0691,293.0856,0.1301,0.0691,0.061,88.2292,
Curaçao,2010,20.7096,18.6082,336.018,0.1492,0.0806,0.0686,85.0095,
Curaçao,2017,19.2794,22.6689,364.8581,0.162,0.0877,0.0743,84.7321,0.444
Curaçao,2020,18.1775,24.5135,369.5788,0.1641,0.0886,0.0755,85.1497,
Cyprus,2005,19.9974,14.9353,111.2188,1.0277,0.5072,0.5205,102.6206,
Cyprus,2010,17.8366,16.0867,120.4126,1.1126,0.557,0.5556,99.7392,
Cyprus,2017,16.8366,18.4824,127.6708,1.1797,0.5891,0.5906,100.2405,9.251
Cyprus,2020,16.5772,19.7916,130.6666,1.2074,0.6038,0.6035,99.9449,
Czechia,2005,14.7317,19.8313,132.809,10.2582,5.2616,4.9966,94.9626,
Czechia,2010,14.2415,22.3995,136.4127,10.5365,5.365,5.1715,96.3936,
Czechia,2017,15.3854,25.5217,137.7658,10.641,5.409,5.232,96.7276,78.8678
Czechia,2020,15.7556,26.154,138.6455,10.709,5.4365,5.2725,96.9845,
Côte d’Ivoire,2005,44.1294,4.6587,57.7186,18.3545,8.9754,9.3791,104.4986,
Côte d’Ivoire,2010,43.6211,4.5381,64.569,20.533,10.1064,10.4265,103.1671,
Côte d’Ivoire,2017,42.1667,4.6394,76.8474,24.4375,12.0936,12.3439,102.0693,322.463
Côte d’Ivoire,2020,41.5085,4.6824,82.9505,26.3783,13.0779,13.3004,101.7012,
Dem. People's Rep. Korea,2005,24.7227,11.8692,198.5231,23.9042,12.2338,11.6703,95.3941,
Dem. People's Rep. Korea,2010,22.6383,12.9497,203.8771,24.5488,12.5542,11.9946,95.5425,
Dem. People's Rep. Korea,2017,20.4528,13.5105,211.1936,25.4298,12.9935,12.4363,95.7111,120.538
Dem. People's Rep. Korea,2020,19.8433,15.0608,214.092,25.7788,13.1704,12.6084,95.7324,
Dem. Rep. of the Congo,2005,45.7829,4.7276,24.1662,54.7859,27.5641,27.2218,98.7583,
Dem. Rep. of the Congo,2010,46.1406,4.7197,28.4792,64.5639,32.4222,32.1416,99.1345,
Dem. Rep. of the Congo,2017,46.2835,4.6537,35.9051,81.3988,40.7879,40.6109,99.566,2344.858
Dem. Rep. of the Congo,2020,45.7952,4.6783,39.5057,89.5614,44.8512,44.7102,99.6855,
Denmark,2005,18.728,21.2449,127.7799,5.4217,2.7364,2.6853,98.1345,
Denmark,2010,17.9497,23.3089,130.9178,5.5548,2.7986,2.7563,98.4891,
Denmark,2017,16.4917,25.2828,135.0996,5.7323,2.8815,2.8508,98.932,42.921
Denmark,2020,16.2817,26.1324,136.5119,5.7922,2.9128,2.8794,98.8506,
Djibouti,2005,37.8751,5.2118,33.7901,0.7833,0.3896,0.3936,101.0277,
Djibouti,2010,32.5639,6.0636,36.2467,0.8402,0.3931,0.4471,113.7343,
Djibouti,2017,29.982,6.79,40.729,0.9441,0.4467,0.4974,111.3485,23.2
Djibouti,2020,28.9122,7.3714,42.623,0.988,0.469,0.519,110.6574,
Dominica,2001,29.0284,13.2093,92.8933,0.0697,,,101.5079,
Dominica,2005,,,94.1693,0.0706,,,101.3583,
Dominica,2006,29.469,13.3198,94.4093,0.0708,,,103.709,
Dominica,2010,,,95.2533,0.0714,,,101.3608,
Dominica,2014,,,97.0373,0.0728,,,103.0439,0.75
Dominica,2017,,,98.5667,0.0739,,,,0.75
Dominica,2020,,,100.0693,0.0751,,,,
Dominican Republic,2005,32.9562,7.7312,188.271,9.0973,4.5216,4.5757,101.1959,
Dominican Republic,2010,30.6104,8.5013,200.6441,9.6951,4.8292,4.8659,100.7606,
Dominican Republic,2017,28.2506,10.1888,217.5725,10.5131,5.2549,5.2582,100.0616,48.671
Dominican Republic,2020,27.4393,11.1096,224.5014,10.8479,5.4297,5.4182,99.7883,
Ecuador,2005,33.1345,7.8324,55.6686,13.8258,6.8922,6.9337,100.6024,
Ecuador,2010,31.0373,8.558,60.441,15.0111,7.4908,7.5204,100.395,
Ecuador,2017,28.3616,10.2459,67.5848,16.7854,8.3863,8.399,100.1517,257.217
Ecuador,2020,27.3919,11.0011,71.0382,17.6431,8.8192,8.8238,100.0521,
Egypt,2005,33.8447,7.0926,75.8688,75.5236,37.426,38.0976,101.7947,
Egypt,2010,32.5562,7.5648,83.1395,82.7612,40.955,41.8062,102.0784,
Egypt,2017,33.7755,7.8905,96.8834,96.4426,47.7068,48.7358,102.1568,1002.0
Egypt,2020,33.921,8.2254,102.8022,102.3344,50.6315,51.7029,102.1159,
El Salvador,2005,34.7743,9.0833,292.0909,6.0521,3.1636,2.8886,91.3066,
El Salvador,2010,31.6407,9.9157,298.4496,6.1839,3.2574,2.9265,89.841,
El Salvador,2017,27.4456,11.4037,308.3072,6.3881,3.3903,2.9978,88.4228,21.0408
El Salvador,2020,26.5906,12.0577,313.0408,6.4862,3.4498,3.0364,88.018,
Equatorial Guinea,2005,39.5755,5.0385,26.7214,0.7495,0.3517,0.3978,113.0973,
Equatorial Guinea,2010,38.5024,4.4294,33.6413,0.9436,0.4302,0.5134,119.3293,
Equatorial Guinea,2017,37.285,4.0158,44.9912,1.262,0.5619,0.7001,124.5989,28.0515
Equatorial Guinea,2020,36.7792,3.7834,50.0173,1.403,0.6226,0.7804,125.3411,
Eritrea,2005,38.6157,6.0924,27.9867,2.8267,1.4163,1.4103,99.5767,
Eritrea,2010,39.4833,6.2237,31.3904,3.1704,1.5864,1.5841,99.8555,
Eritrea,2017,41.9532,6.484,33.791,3.4129,1.7027,1.7102,100.4412,117.6
Eritrea,2020,41.1249,6.4358,35.1131,3.5464,1.7689,1.7775,100.4901,
Estonia,2005,15.1567,21.8901,31.9804,1.3556,0.7257,0.63,86.8151,
Estonia,2010,15.1332,23.2469,31.4249,1.3321,0.7117,0.6204,87.1596,
Estonia,2017,16.2219,25.8842,31.125,1.3194,0.6992,0.6202,88.6952,45.227
Estonia,2020,16.4982,26.8356,31.2936,1.3265,0.6981,0.6285,90.026,
Eswatini,2005,41.3282,5.1337,59.9174,1.0306,0.5413,0.4892,90.3734,
Eswatini,2010,40.1881,5.5619,61.9091,1.0648,0.5627,0.5022,89.2529,
Eswatini,2017,38.3444,5.7431,65.3956,1.1248,0.5775,0.5473,94.7618,17.363
Eswatini,2020,37.4429,5.7053,67.4514,1.1602,0.5899,0.5702,96.662,
Ethiopia,2005,46.4907,4.8749,76.3463,76.3463,38.2722,38.0741,99.4823,
Ethiopia,2010,44.9318,5.1139,87.64,87.64,43.9125,43.7275,99.5787,
Ethiopia,2017,41.2508,5.2356,106.3999,106.3999,53.1852,53.2147,100.0555,1104.3
Ethiopia,2020,39.9176,5.3255,114.9636,114.9636,57.4467,57.5168,100.122,
Falkland Islands (Malvinas),2001,15.036,12.0494,0.2403,0.0029,,,121.5209,
Falkland Islands (Malvinas),2005,,,0.2415,0.0029,,,,
Falkland Islands (Malvinas),2006,15.9391,14.0102,0.24,0.0029,,,113.2035,
Falkland Islands (Malvinas),2010,,,0.2343,0.0029,,,,
Falkland Islands (Malvinas),2012,16.3732,15.7042,0.2348,0.0029,,,110.5263,
Falkland Islands (Malvinas),2017,,,0.2391,0.0029,,,,12.173
Falkland Islands (Malvinas),2020,,,0.2403,0.0029,,,,
Faroe Islands,2005,,,34.5881,0.0483,,,108.0036,
Faroe Islands,2008,22.0266,19.2709,34.7314,0.0485,,,108.0602,
Faroe Islands,2010,,,34.7779,0.0486,,,108.0494,
Faroe Islands,2015,20.9629,22.5111,35.0752,0.049,,,107.2033,1.393
Faroe Islands,2017,,,35.308,0.0493,,,,1.393
Faroe Islands,2020,,,35.7421,0.0499,,,,
Fiji,2005,30.5343,6.8725,44.9701,0.8216,0.4026,0.419,104.076,
Fiji,2010,29.0004,7.8973,47.0617,0.8598,0.4209,0.4389,104.2935,
Fiji,2017,29.6513,8.6967,48.0273,0.8775,0.4323,0.4452,102.9701,18.272
Fiji,2020,29.0113,9.6281,49.0665,0.8964,0.4424,0.454,102.6201,
Finland,2005,17.3393,21.4603,17.3054,5.2589,2.6849,2.574,95.8688,
Finland,2010,16.5226,24.7645,17.657,5.3658,2.7325,2.6333,96.3724,
Finland,2017,16.2512,27.8454,18.1361,5.5114,2.7965,2.7149,97.084,338.44
Finland,2020,15.8651,28.9914,18.2326,5.5407,2.8083,2.7324,97.2971,
France,2005,18.4938,20.9377,111.6233,61.1201,31.53,29.5901,93.8476,
France,2010,18.4778,23.0714,114.8365,62.8795,32.421,30.4585,93.947,
France,2017,18.1098,25.7358,118.4215,64.8425,33.4383,31.4042,93.917,551.5
France,2020,17.6537,26.8405,119.2086,65.2735,33.6843,31.5892,93.7801,
French Guiana,2005,35.7741,5.7644,2.4692,0.203,0.1024,0.1006,98.1849,
French Guiana,2010,34.9448,6.5575,2.8346,0.233,0.1165,0.1165,99.9228,
French Guiana,2017,32.7067,7.9381,3.3478,0.2752,0.1394,0.1358,97.4309,83.534
French Guiana,2020,31.8325,8.8636,3.6336,0.2987,0.1509,0.1478,97.8918,
French Polynesia,2005,28.1552,7.9724,70.7049,0.2588,0.1262,0.1326,105.1302,
French Polynesia,2010,25.4797,9.3051,72.8019,0.2665,0.13,0.1364,104.8835,
French Polynesia,2017,22.8872,12.2299,75.4377,0.2761,0.1361,0.14,102.8118,4.0
French Polynesia,2020,22.2233,13.5824,76.7508,0.2809,0.1386,0.1423,102.6096,
Gabon,2005,39.345,6.8441,5.3966,1.3905,0.6952,0.6954,100.0342,
Gabon,2010,37.4332,5.9968,6.3032,1.6241,0.8024,0.8217,102.4034,
Gabon,2017,36.8221,5.3608,8.0134,2.0648,1.013,1.0518,103.836,267.668
Gabon,2020,37.2639,5.3536,8.6379,2.2257,1.0929,1.1329,103.6582,
Gambia,2005,46.3209,4.2654,152.5436,1.5437,0.7768,0.7669,98.7242,
Gambia,2010,45.1453,4.2534,177.1933,1.7932,0.9033,0.8899,98.5211,
Gambia,2017,44.3758,3.9866,218.7637,2.2139,1.1158,1.0981,98.413,11.295
Gambia,2020,43.95,3.9398,238.8012,2.4167,1.2181,1.1985,98.3923,
Georgia,2005,19.0256,18.4475,60.5867,4.2102,2.2034,2.0068,91.0766,
Georgia,2010,17.955,18.9285,58.9883,4.0991,2.1461,1.953,91.0033,
Georgia,2017,19.5291,20.6682,57.6877,4.0087,2.0952,1.9135,91.3288,69.7
Georgia,2020,20.2204,21.4984,57.4063,3.9892,2.0879,1.9012,91.0572,
Germany,2005,14.4166,24.8652,234.1139,81.6027,41.7293,39.8735,95.5528,
Germany,2010,13.5684,26.0742,231.8883,80.827,41.2082,39.6188,96.1431,
Germany,2017,13.4507,27.9017,237.1426,82.6584,41.9207,40.7377,97.1781,357.376
Germany,2020,13.9556,28.6347,240.3716,83.7839,42.368,41.4159,97.7527,
Ghana,2005,40.8672,4.4473,95.8717,21.8146,10.7955,11.0192,102.0726,
Ghana,2010,39.2865,4.6175,108.9023,24.7796,12.2462,12.5334,102.3449,
Ghana,2017,37.82,4.9287,127.9839,29.1215,14.3667,14.7548,102.7016,238.537
Ghana,2020,37.1312,5.2879,136.5603,31.0729,15.3229,15.75,102.787,
Gibraltar,2001,18.4106,20.5019,3137.4,0.0314,,,98.5055,
Gibraltar,2005,,,3208.5,0.0321,,,97.2744,
Gibraltar,2010,,,3318.9,0.0332,,,99.1582,
Gibraltar,2012,18.1183,22.3613,3362.3,0.0336,,,99.5537,
Gibraltar,2015,,,3422.8,0.0342,,,101.8215,0.006
Gibraltar,2017,,,3457.1,0.0346,,,,0.006
Gibraltar,2020,,,3500.0,0.035,,,,
Greece,2005,14.7285,22.597,87.0814,11.2248,5.6684,5.5564,98.0247,
Greece,2010,15.055,24.8238,84.4658,10.8876,5.5391,5.3486,96.5602,
Greece,2017,14.2048,27.3759,81.9973,10.5695,5.3812,5.1883,96.4151,131.957
Greece,2020,13.6559,28.7751,80.8616,10.4231,5.3072,5.1158,96.3935,
Greenland,2005,24.953,9.618,0.1388,0.057,,,113.3633,
Greenland,2010,22.5678,10.8828,0.138,0.0566,,,112.5738,
Greenland,2016,20.991,13.1759,0.1374,0.0564,,,112.1427,
Greenland,2017,,,0.1376,0.0565,,,,2166.086
Greenland,2020,,,0.1383,0.0568,,,,
Grenada,2005,28.1174,11.5439,307.8265,0.1047,0.0522,0.0525,100.6288,
Grenada,2010,23.9681,13.2831,312.45,0.1062,0.0526,0.0537,102.1062,
Grenada,2017,23.3644,14.006,326.1,0.1109,0.055,0.0559,101.6514,0.345
Grenada,2020,23.7765,14.8725,330.95,0.1125,0.0559,0.0567,101.4556,
Guadeloupe,2005,23.3706,16.2029,247.484,0.4029,0.2128,0.1901,89.3403,
Guadeloupe,2010,22.4552,19.1425,249.4294,0.4061,0.2175,0.1886,86.6856,
Guadeloupe,2017,19.4479,24.0577,245.4988,0.3997,0.2148,0.1849,86.066,1.705
Guadeloupe,2020,18.421,26.1099,245.7764,0.4001,0.2156,0.1846,85.6126,
Guam,2005,29.5066,9.2379,293.337,0.1584,0.0777,0.0807,103.979,
Guam,2010,27.5006,11.1431,295.2667,0.1594,0.0784,0.081,103.3246,
Guam,2017,24.8331,13.9024,304.2241,0.1643,0.0813,0.083,102.187,0.549
Guam,2020,23.8602,15.2096,312.5463,0.1688,0.0836,0.0851,101.7897,
Guatemala,2005,42.2567,5.8986,122.21,13.096,6.6735,6.4225,96.239,
Guatemala,2010,39.366,6.0721,136.5287,14.6304,7.4442,7.1862,96.5349,
Guatemala,2017,35.0509,6.8781,157.8478,16.915,8.5886,8.3263,96.9458,108.889
Guatemala,2020,33.3424,7.2309,167.1852,17.9156,9.0885,8.8271,97.1244,
Guinea,2005,46.8106,4.9286,37.073,9.1096,4.7662,4.3434,91.1302,
Guinea,2010,46.1749,4.6284,41.4788,10.1922,5.3337,4.8585,91.0899,
Guinea,2017,44.2484,4.702,49.1109,12.0675,6.266,5.8015,92.5869,245.857
Guinea,2020,43.049,4.7069,53.4462,13.1328,6.7796,6.3532,93.7116,
Guinea-Bissau,2005,44.0653,4.4165,47.8282,1.3449,0.696,0.649,93.2453,
Guinea-Bissau,2010,43.1457,4.3243,54.1465,1.5226,0.7846,0.738,94.0722,
Guinea-Bissau,2017,42.4861,4.5813,65.0123,1.8281,0.9363,0.8919,95.2561,36.125
Guinea-Bissau,2020,41.9272,4.5715,69.9858,1.968,1.0053,0.9627,95.7617,
Guyana,2005,36.2895,6.3776,3.7905,0.7462,0.3723,0.3739,100.4266,
Guyana,2010,32.2166,7.2567,3.8071,0.7494,0.3775,0.372,98.5366,
Guyana,2017,28.5753,9.5851,3.9381,0.7752,0.3865,0.3887,100.5531,214.969
Guyana,2020,27.7319,10.8447,3.9957,0.7866,0.391,0.3955,101.1608,
Haiti,2005,38.1692,6.4686,333.6462,9.1953,4.6642,4.5311,97.146,
Haiti,2010,36.2674,6.5311,361.0059,9.9493,5.0418,4.9075,97.3357,
Haiti,2017,33.6244,7.323,398.4893,10.9824,5.5621,5.4203,97.4506,27.75
Haiti,2020,32.4739,7.7439,413.7347,11.4025,5.7761,5.6264,97.4093,
Holy See,2000,,,1784.0909,0.0008,,,196.6543,
Holy See,2005,,,1813.6364,0.0008,,,,
Holy See,2009,,,1806.8182,0.0008,,,219.1781,
Holy See,2010,,,1804.5455,0.0008,,,,
Holy See,2017,,,1800.0,0.0008,,,,0.0004
Holy See,2020,,,1820.4545,0.0008,,,,
Honduras,2005,40.595,5.4124,66.6636,7.459,3.7441,3.7149,99.2223,
Honduras,2010,37.5811,5.7566,74.3361,8.3175,4.1688,4.1486,99.516,
Honduras,2017,32.3451,6.8193,84.2704,9.429,4.7199,4.7091,99.7705,112.492
Honduras,2020,30.5882,7.3691,88.5209,9.9046,4.9557,4.9489,99.8618,
Hungary,2005,15.5168,21.3748,111.4099,10.0859,5.2998,4.7861,90.3078,
Hungary,2010,14.8599,22.1008,109.6583,9.9274,5.2169,4.7105,90.2924,
Hungary,2017,14.3723,25.9555,107.4762,9.7298,5.103,4.6268,90.6684,93.024
Hungary,2020,14.4087,26.75,106.7088,9.6604,5.0621,4.5983,90.8382,
Iceland,2005,22.1799,15.8313,2.9424,0.295,0.1471,0.1479,100.5684,
Iceland,2010,20.7974,16.8546,3.1953,0.3203,0.159,0.1614,101.5237,
Iceland,2017,19.9897,20.0749,3.3356,0.3344,0.1666,0.1678,100.6763,103.0
Iceland,2020,19.4243,21.6034,3.4039,0.3412,0.1698,0.1714,100.9185,
India,2005,32.7393,7.232,385.9861,1147.6099,550.5577,597.0522,108.445,
India,2010,30.8103,7.7748,415.137,1234.2812,592.117,642.1642,108.4522,
India,2017,27.4787,9.3995,450.2493,1338.6768,642.7963,695.8805,108.2583,3287.263
India,2020,26.1606,10.1167,464.1494,1380.0044,662.9034,717.101,108.1758,
Indonesia,2005,29.8813,7.3863,124.9135,226.2895,112.6971,113.5924,100.7944,
Indonesia,2010,28.8281,7.5273,133.4943,241.8342,120.0137,121.8205,101.5055,
Indonesia,2017,26.9149,9.047,146.0893,264.651,131.3782,133.2728,101.4421,1910.931
Indonesia,2020,25.936,10.0629,150.9871,273.5236,135.8058,137.7179,101.408,
Iran (Islamic Republic of),2005,26.894,6.6969,42.8371,69.7623,34.2727,35.4896,103.5506,
Iran (Islamic Republic of),2010,24.0443,7.536,45.2934,73.7625,36.5823,37.1802,101.6343,
Iran (Islamic Republic of),2017,24.2478,9.4,49.5372,80.6739,39.8549,40.819,102.419,1628.75
Iran (Islamic Republic of),2020,24.7447,10.2936,51.5753,83.9929,41.5845,42.4084,101.9812,
Iraq,2005,42.02,5.0758,61.9872,26.9223,13.3227,13.5995,102.0776,
Iraq,2010,41.8064,4.8374,68.4794,29.742,14.7196,15.0224,102.0575,
Iraq,2017,38.7745,5.0868,86.4634,37.5528,18.5589,18.9939,102.3443,435.052
Iraq,2020,37.7137,5.1078,92.6103,40.2225,19.8647,20.3578,102.4821,
Ireland,2005,20.1993,14.7199,60.1136,4.1412,2.0739,2.0673,99.6823,
Ireland,2010,20.7858,15.894,66.11,4.5543,2.2914,2.2629,98.7586,
Ireland,2017,21.6033,18.5875,68.9981,4.7533,2.3988,2.3544,98.1496,69.797
Ireland,2020,20.8323,19.6378,71.6764,4.9378,2.4864,2.4513,98.5884,
Isle of Man,2005,17.2589,22.1447,133.5404,0.0761,,,96.877,
Isle of Man,2009,16.4427,24.0971,139.1667,0.0793,,,98.3792,
Isle of Man,2010,,,140.4772,0.0801,,,98.5954,
Isle of Man,2016,16.0189,26.8562,146.907,0.0837,,,98.1544,
Isle of Man,2017,,,147.8719,0.0843,,,,0.572
Isle of Man,2020,,,150.693,0.0859,,,,
Israel,2005,27.8503,13.2466,301.7319,6.5295,3.3088,3.2206,97.3344,
Israel,2010,27.2635,14.8883,339.4846,7.3464,3.7182,3.6282,97.5808,
Israel,2017,27.9446,16.1195,380.9542,8.2438,4.1495,4.0943,98.6706,22.072
Israel,2020,27.8285,16.4575,399.9785,8.6555,4.3474,4.3081,99.0959,
Italy,2005,14.1669,25.137,198.1411,58.2812,29.9855,28.2957,94.3648,
Italy,2010,14.0788,26.7013,201.6905,59.3252,30.6207,28.7045,93.7423,
Italy,2017,13.4751,28.6317,206.2749,60.6737,31.1919,29.4818,94.5175,302.073
Italy,2020,12.9873,29.8408,205.5546,60.4618,31.0241,29.4377,94.8866,
Jamaica,2005,30.1276,10.6899,253.0012,2.74,1.3825,1.3575,98.1977,
Jamaica,2010,27.0139,11.4053,259.5069,2.8105,1.413,1.3975,98.9073,
Jamaica,2017,24.0142,12.4007,269.6997,2.9208,1.47,1.4508,98.6962,10.9905
Jamaica,2020,23.3582,13.2695,273.4226,2.9612,1.4915,1.4696,98.5331,
Japan,2005,13.8299,26.3041,352.0076,128.3261,65.4405,62.8856,96.0958,
Japan,2007,13.5868,27.8932,352.4682,128.4941,65.5772,62.9169,95.9433,377.93
Japan,2010,13.3548,30.2905,352.6007,128.5424,65.6678,62.8745,95.7463,
Japan,2020,12.4486,34.3242,346.9338,126.4765,64.7234,61.753,95.4107,
Jordan,2005,38.2432,5.2198,64.9429,5.7656,2.791,2.9746,106.5765,
Jordan,2010,37.4776,5.3751,81.7925,7.2615,3.558,3.7035,104.0887,
Jordan,2017,34.8862,5.667,110.2258,9.7858,4.8331,4.9528,102.4768,89.318
Jordan,2020,32.8538,6.0828,114.926,10.2031,5.0372,5.166,102.5574,
Kazakhstan,2005,24.4839,10.0988,5.7054,15.4028,7.9835,7.4193,92.9319,
Kazakhstan,2010,24.055,9.8573,6.02,16.2523,8.3968,7.8555,93.5542,
Kazakhstan,2017,27.9149,11.2877,6.697,18.08,9.3179,8.7621,94.0358,2724.902
Kazakhstan,2020,29.1442,12.2238,6.9551,18.7767,9.6638,9.1129,94.3001,
Kenya,2005,44.027,3.1501,64.3513,36.6249,18.4529,18.172,98.478,
Kenya,2010,43.4413,3.2031,73.8495,42.0307,21.1618,20.8688,98.6154,
Kenya,2017,40.35,3.8101,88.2404,50.2211,25.271,24.9501,98.7303,591.958
Kenya,2020,38.5896,4.161,94.4782,53.7713,27.0528,26.7185,98.7645,
Kiribati,2005,36.9207,5.4037,113.9815,0.0923,0.0468,0.0455,97.1112,
Kiribati,2010,36.1013,5.4903,127.0704,0.1029,0.0523,0.0507,96.8822,
Kiribati,2017,35.146,6.1012,140.9358,0.1142,0.0581,0.0561,96.5918,0.7263
Kiribati,2020,35.9166,6.751,147.4679,0.1194,0.0607,0.0587,96.7744,
Kuwait,2005,25.975,3.6141,127.3961,2.2702,0.9297,1.3405,144.1804,
Kuwait,2010,23.217,3.4328,167.8947,2.9919,1.262,1.7299,137.0725,
Kuwait,2017,21.4225,4.9946,227.615,4.0561,1.6274,2.4287,149.2402,17.818
Kuwait,2020,21.4622,6.531,239.6504,4.2706,1.6561,2.6144,157.866,
Kyrgyzstan,2005,30.9562,7.0647,26.4617,5.0753,2.5596,2.5157,98.2858,
Kyrgyzstan,2010,29.8969,6.4446,28.2706,5.4223,2.7426,2.6797,97.7051,
Kyrgyzstan,2017,32.1807,7.3726,32.2718,6.1897,3.127,3.0627,97.9429,199.949
Kyrgyzstan,2020,32.6488,8.101,34.0156,6.5242,3.2969,3.2273,97.8874,
Lao People's Dem. Rep.,2005,40.311,5.4608,24.9206,5.7517,2.9057,2.8459,97.9421,
Lao People's Dem. Rep.,2010,36.432,5.5883,27.0761,6.2492,3.1497,3.0994,98.4029,
Lao People's Dem. Rep.,2017,32.8829,6.3571,30.1258,6.953,3.4615,3.4915,100.8676,236.8
Lao People's Dem. Rep.,2020,31.9472,6.7919,31.5232,7.2756,3.6238,3.6518,100.7736,
Latvia,2005,14.6798,22.4931,36.2057,2.252,1.2195,1.0325,84.666,
Latvia,2010,14.0892,23.5816,34.0653,2.1189,1.1486,0.9703,84.4744,
Latvia,2017,15.5763,26.4714,31.3681,1.9511,1.0549,0.8962,84.9528,64.573
Latvia,2020,16.4321,27.5758,30.3247,1.8862,1.0169,0.8693,85.4917,
Lebanon,2005,30.3474,8.1414,459.3121,4.6988,2.3082,2.3906,103.5678,
Lebanon,2010,25.8164,9.1977,484.1702,4.9531,2.4374,2.5157,103.2118,
Lebanon,2017,26.588,10.1309,666.6054,6.8194,3.3901,3.4293,101.1578,10.452
Lebanon,2020,25.0688,11.2014,667.1989,6.8254,3.3897,3.4357,101.3585,
Lesotho,2005,37.1595,6.4656,65.7482,1.9961,1.0319,0.9642,93.4387,
Lesotho,2010,34.8872,7.0127,65.7306,1.9956,1.0257,0.9699,94.5623,
Lesotho,2017,32.9814,7.3551,68.8911,2.0915,1.0614,1.0302,97.0596,30.355
Lesotho,2020,32.238,7.5241,70.5616,2.1422,1.0853,1.057,97.3876,
Liberia,2005,42.867,5.3009,33.4107,3.2181,1.6091,1.609,99.9922,
Liberia,2010,43.0343,4.9806,40.4003,3.8914,1.943,1.9484,100.2796,
Liberia,2017,41.4787,5.0845,48.8188,4.7022,2.3412,2.361,100.8466,111.369
Liberia,2020,40.3722,5.2425,52.5091,5.0577,2.5151,2.5425,101.0894,
Libya,2005,30.1659,5.908,3.2955,5.7986,2.8089,2.9897,106.4346,
Libya,2010,28.753,5.9416,3.5223,6.1977,3.0334,3.1642,104.3129,
Libya,2017,28.5394,6.5022,3.74,6.5807,3.2551,3.3256,102.1651,1676.198
Libya,2020,27.7848,6.9112,3.9052,6.8713,3.4026,3.4687,101.9452,
Liechtenstein,2005,17.5333,16.8394,217.825,0.0349,,,96.9718,
Liechtenstein,2010,15.9755,20.1084,225.0188,0.036,,,97.9357,
Liechtenstein,2016,14.9115,22.7394,235.4125,0.0377,,,98.4073,
Liechtenstein,2017,,,237.0125,0.0379,,,,0.16
Liechtenstein,2020,,,241.5313,0.0386,,,,
Lithuania,2005,16.773,21.1448,53.3597,3.3443,1.7907,1.5536,86.7585,
Lithuania,2010,14.7654,22.3867,49.8423,3.1238,1.6859,1.438,85.2944,
Lithuania,2017,14.7275,25.7359,45.4002,2.8454,1.5322,1.3132,85.7032,65.286
Lithuania,2020,15.4779,27.4719,43.4357,2.7223,1.4623,1.26,86.1645,
Luxembourg,2005,18.6226,19.0046,176.773,0.4578,0.2319,0.2259,97.4223,
Luxembourg,2010,17.644,18.9543,196.0961,0.5079,0.2556,0.2523,98.7104,
Luxembourg,2017,16.0651,19.3638,228.5367,0.5919,0.2937,0.2982,101.5253,2.586
Luxembourg,2020,15.5576,19.9467,241.6903,0.626,0.3094,0.3166,102.3265,
Madagascar,2005,44.7119,4.3946,31.5175,18.3367,9.2062,9.1305,99.1773,
Madagascar,2010,43.5222,4.341,36.3558,21.1516,10.6153,10.5363,99.2553,
Madagascar,2017,40.9723,4.7921,43.9511,25.5705,12.8187,12.7519,99.4788,587.295
Madagascar,2020,40.0625,5.0121,47.5958,27.691,13.8764,13.8146,99.5548,
Malawi,2005,46.3809,4.4883,133.9197,12.626,6.4114,6.2146,96.9309,
Malawi,2010,46.3514,4.1983,154.2174,14.5396,7.3854,7.1542,96.8691,
Malawi,2017,44.2969,4.0517,187.4225,17.6702,8.9606,8.7096,97.198,118.484
Malawi,2020,42.9921,4.0928,202.9057,19.13,9.6959,9.434,97.2991,
Malaysia,2005,30.4526,7.1,78.1939,25.6906,12.5226,13.1681,105.1546,
Malaysia,2010,27.9611,7.8732,85.8561,28.208,13.6579,14.5501,106.5327,
Malaysia,2017,24.3438,9.9357,94.6725,31.1046,15.1043,16.0003,105.9319,330.323
Malaysia,2020,23.4481,10.9649,98.5116,32.366,15.7352,16.6308,105.6919,
Maldives,2005,31.4682,6.513,1065.36,0.3196,0.1527,0.1669,109.3622,
Maldives,2010,25.2916,6.1501,1219.1133,0.3657,0.167,0.1987,118.962,
Maldives,2017,20.395,5.814,1654.6733,0.4964,0.1894,0.307,162.0552,0.3
Maldives,2020,19.5997,5.7407,1801.8133,0.5405,0.1976,0.3429,173.5343,
Mali,2005,46.8694,4.5972,10.4701,12.7755,6.4174,6.3581,99.0763,
Mali,2010,47.4888,4.1833,12.3336,15.0494,7.5323,7.517,99.7968,
Mali,2017,47.7228,3.9569,15.1718,18.5124,9.249,9.2634,100.1554,1240.192
Mali,2020,47.0073,3.8601,16.5965,20.2508,10.1057,10.1452,100.391,
Malta,2005,17.4335,18.8846,1264.5406,0.4047,0.204,0.2007,98.3924,
Malta,2010,14.9913,23.0014,1294.5406,0.4143,0.2086,0.2056,98.5425,
Malta,2017,14.2298,26.5118,1368.5406,0.4379,0.2185,0.2195,100.4554,0.3154
Malta,2020,14.3739,28.1477,1379.8219,0.4415,0.2201,0.2214,100.591,
Marshall Islands,2004,40.57,3.6105,289.3,0.0521,,,104.0466,
Marshall Islands,2005,,,289.1944,0.0521,,,,
Marshall Islands,2010,40.9483,4.4821,291.25,0.0524,,,105.2188,
Marshall Islands,2016,38.9725,5.4975,294.8111,0.0531,,,104.461,
Marshall Islands,2017,,,295.15,0.0531,,,,0.181
Marshall Islands,2020,,,295.8389,0.0533,,,,
Martinique,2005,21.0861,17.9788,374.7075,0.3972,0.2121,0.1851,87.3101,
Martinique,2010,19.5154,20.6216,372.3236,0.3947,0.2124,0.1822,85.7838,
Martinique,2017,16.4509,26.8896,354.6679,0.3759,0.2023,0.1737,85.869,1.128
Martinique,2020,15.6556,29.242,354.0236,0.3753,0.2027,0.1726,85.1716,
Mauritania,2005,42.2289,4.9,2.9341,3.0242,1.5161,1.5081,99.4693,
Mauritania,2010,41.2467,4.8397,3.3901,3.4942,1.7473,1.7469,99.9819,
Mauritania,2017,40.2626,4.9348,4.155,4.2826,2.1347,2.1479,100.6211,1030.7
Mauritania,2020,39.6851,5.0931,4.5112,4.6497,2.3147,2.335,100.8771,
Mauritius,2005,24.7268,9.6413,601.9719,1.222,0.6164,0.6056,98.2527,
Mauritius,2010,21.9449,12.0541,614.7562,1.248,0.6294,0.6186,98.2845,
Mauritius,2017,18.3574,16.5859,622.9059,1.2645,0.639,0.6255,97.881,1.969
Mauritius,2020,16.7847,18.428,626.4867,1.2718,0.6443,0.6275,97.3914,
Mayotte,2005,42.4412,4.7783,474.928,0.1781,0.0903,0.0878,97.1758,
Mayotte,2010,42.9422,5.0805,556.5813,0.2087,0.1067,0.102,95.6413,
Mayotte,2020,39.0034,6.1019,727.5067,0.2728,0.1387,0.1342,96.7581,
Mexico,2005,31.8372,8.0949,54.5308,106.0052,54.1684,51.8368,95.6958,
Mexico,2010,29.5077,8.8414,58.6913,114.093,58.2672,55.8258,95.81,
Mexico,2017,26.9392,10.4244,64.1875,124.7773,63.7528,61.0245,95.7205,1964.375
Mexico,2020,25.8353,11.2397,66.3251,128.9328,65.8613,63.0715,95.7642,
Micronesia (Fed. States of),2005,38.8546,5.4255,151.6129,0.1061,0.0522,0.0539,103.3393,
Micronesia (Fed. States of),2010,35.6862,5.4474,147.0157,0.1029,0.0507,0.0522,103.0903,
Micronesia (Fed. States of),2017,31.9786,7.0214,159.2271,0.1115,0.0548,0.0567,103.422,0.702
Micronesia (Fed. States of),2020,31.1929,7.8463,164.3186,0.115,0.0565,0.0585,103.4294,
Monaco,2000,13.2324,28.9382,21531.5436,0.0321,,,94.3433,
Monaco,2005,,,22679.8658,0.0338,,,,
Monaco,2008,12.7455,31.1903,24062.4161,0.0359,,,94.7342,
Monaco,2010,,,24895.302,0.0371,,,,
Monaco,2017,,,25969.7987,0.0387,,,,0.002
Monaco,2020,,,26373.8255,0.0393,,,,
Mongolia,2005,28.9294,5.6297,1.6262,2.5264,1.2695,1.2569,99.0084,
Mongolia,2010,27.0218,5.6499,1.7508,2.7199,1.3709,1.349,98.3966,
Mongolia,2017,29.9498,6.54,2.0043,3.1138,1.5767,1.5371,97.4842,1564.116
Mongolia,2020,31.0929,7.2898,2.1102,3.2783,1.6633,1.615,97.1012,
Montenegro,2005,20.1784,17.0441,45.8283,0.6164,0.313,0.3034,96.9429,
Montenegro,2010,19.2436,17.8771,46.4145,0.6243,0.316,0.3083,97.5566,
Montenegro,2017,18.2503,21.0685,46.659,0.6276,0.3173,0.3103,97.7779,13.812
Montenegro,2020,18.0449,22.0991,46.6964,0.6281,0.3175,0.3106,97.8154,
Montserrat,2001,19.3498,19.8619,45.05,0.0045,,,116.6425,
Montserrat,2004,,,46.44,0.0046,,,112.6761,
Montserrat,2005,,,47.78,0.0048,,,,
Montserrat,2006,19.6106,19.0145,48.46,0.0048,,,108.7173,
Montserrat,2010,,,49.44,0.0049,,,,
Montserrat,2011,19.7278,19.6262,49.94,0.005,,,107.1549,
Montserrat,2016,,,51.52,0.0052,,,106.0024,
Montserrat,2017,,,51.77,0.0052,,,,0.103
Montserrat,2020,,,52.43,0.0052,,,,
Morocco,2005,30.7535,8.2354,68.2401,30.4556,15.4105,15.0451,97.6292,
Morocco,2010,28.5137,8.6269,72.4701,32.3434,16.3966,15.9468,97.2571,
Morocco,2017,27.4526,10.6308,79.725,35.5813,17.9387,17.6426,98.3495,446.55
Morocco,2020,26.768,11.8527,82.7035,36.9106,18.5937,18.3169,98.5114,
Mozambique,2005,45.1968,4.9426,26.0611,20.4939,10.6459,9.848,92.505,
Mozambique,2010,45.7322,4.7112,29.9239,23.5316,12.1803,11.3513,93.1941,
Mozambique,2017,44.9595,4.4485,36.4315,28.649,14.7577,13.8913,94.1291,799.38
Mozambique,2020,44.0628,4.3817,39.746,31.2554,16.0672,15.1882,94.5294,
Myanmar,2005,31.1787,6.8967,74.9283,48.9499,25.278,23.672,93.6466,
Myanmar,2010,30.0461,7.3306,77.4554,50.6008,26.2023,24.3985,93.1158,
Myanmar,2017,26.8467,9.1238,81.7134,53.3825,27.6549,25.7276,93.0308,676.577
Myanmar,2020,25.4856,10.003,83.2858,54.4098,28.1896,26.2202,93.0137,
Namibia,2005,39.4367,5.4744,2.3544,1.9383,1.0033,0.935,93.1917,
Namibia,2010,37.4144,5.8402,2.5737,2.1189,1.0949,1.024,93.5291,
Namibia,2017,36.8825,5.5593,2.9183,2.4026,1.239,1.1636,93.9169,824.116
Namibia,2020,36.8412,5.6084,3.0863,2.5409,1.3092,1.2317,94.0767,
Nauru,2002,38.1321,2.5335,504.0,0.0101,,,104.1996,
Nauru,2005,,,505.7,0.0101,,,,
Nauru,2010,,,501.25,0.01,,,,
Nauru,2016,39.5195,4.0404,567.35,0.0113,,,101.8868,
Nauru,2017,,,567.95,0.0114,,,,0.021
Nauru,2020,,,561.35,0.0112,,,,
Nepal,2005,39.2676,6.6697,179.5919,25.7445,12.9566,12.7879,98.6985,
Nepal,2010,36.289,7.5285,188.4424,27.0132,13.7166,13.2966,96.9381,
Nepal,2017,31.3365,8.4515,192.7637,27.6327,15.0777,12.555,83.2683,147.181
Nepal,2020,28.8097,8.6531,203.2564,29.1368,15.7884,13.3484,84.546,
Netherlands,2005,18.3204,19.2688,485.3843,16.3672,8.2511,8.1161,98.3638,
Netherlands,2010,17.5222,21.968,494.7484,16.6829,8.3985,8.2844,98.6412,
Netherlands,2017,16.3531,25.0462,504.7849,17.0213,8.5525,8.4688,99.0218,41.542
Netherlands,2020,15.7017,26.6001,508.1516,17.1349,8.5977,8.5371,99.2954,
New Caledonia,2005,27.9303,9.4514,12.9345,0.2364,0.1172,0.1192,101.7019,
New Caledonia,2010,25.8324,10.9902,13.8691,0.2535,0.1258,0.1277,101.5414,
New Caledonia,2017,23.046,13.0135,15.1614,0.2772,0.1375,0.1396,101.5101,18.575
New Caledonia,2020,22.108,14.1927,15.6181,0.2855,0.142,0.1435,101.0599,
New Zealand,2005,21.5448,16.4477,15.7053,4.1354,2.1096,2.0257,96.025,
New Zealand,2010,20.4975,18.3637,16.5966,4.3701,2.2243,2.1458,96.4693,
New Zealand,2017,19.7162,20.8563,17.8574,4.702,2.3901,2.3119,96.7268,268.107
New Zealand,2020,19.4307,22.2123,18.3139,4.8222,2.4521,2.3702,96.6597,
Nicaragua,2005,36.223,6.0167,45.1944,5.4387,2.7546,2.6841,97.4437,
Nicaragua,2010,33.3185,6.2933,48.3968,5.8241,2.955,2.8691,97.0931,
Nicaragua,2017,30.5484,7.8709,53.0567,6.3848,3.2378,3.147,97.1943,130.373
Nicaragua,2020,29.5007,8.6865,55.0486,6.6246,3.3597,3.2648,97.1767,
Niger,2005,49.1925,4.1248,10.7559,13.6245,6.841,6.7835,99.1585,
Niger,2010,50.0361,4.1561,12.9976,16.464,8.237,8.227,99.8786,
Niger,2017,50.0929,4.1346,17.0541,21.6024,10.7574,10.8449,100.8134,1267.0
Niger,2020,49.672,4.1128,19.11,24.2066,12.0365,12.1702,101.1107,
Nigeria,2005,43.6714,4.6015,152.4699,138.865,68.7442,70.1208,102.0026,
Nigeria,2010,44.0352,4.5414,174.0321,158.5032,78.342,80.1612,102.3221,
Nigeria,2017,44.0131,4.4853,209.5735,190.8732,94.1858,96.6874,102.656,923.768
Nigeria,2020,43.4876,4.5119,226.3355,206.1396,101.67,104.4696,102.7537,
Niue,2005,26.1168,15.063,6.4731,0.0017,,,94.7545,
Niue,2010,25.7353,16.8449,6.2692,0.0016,,,101.8919,
Niue,2016,22.7538,20.0822,6.2462,0.0016,,,100.0,
Niue,2017,,,6.2231,0.0016,,,,0.26
Niue,2020,,,6.2769,0.0016,,,,
North Macedonia,2005,20.2061,15.3143,81.692,2.0603,1.0305,1.0298,99.9276,
North Macedonia,2010,17.9055,16.3791,82.1071,2.0707,1.0358,1.0349,99.9144,
North Macedonia,2017,16.6612,19.4396,82.5534,2.082,1.0402,1.0418,100.1513,25.713
North Macedonia,2020,16.3102,20.6723,82.608,2.0834,1.0412,1.0421,100.0847,
Northern Mariana Islands,2005,22.9345,3.7403,138.5739,0.0637,,,83.2654,
Northern Mariana Islands,2010,26.6522,5.7718,118.313,0.0544,,,106.156,
Northern Mariana Islands,2016,23.5251,9.9945,119.6152,0.055,,,107.0632,
Northern Mariana Islands,2017,,,119.8783,0.0551,,,,0.457
Northern Mariana Islands,2020,,,120.3196,0.0553,,,,
Norway,2005,19.6122,19.8122,12.6821,4.6324,2.3341,2.2982,98.4634,
Norway,2010,18.8116,21.0006,13.3761,4.8859,2.4434,2.4424,99.9593,
Norway,2017,17.6701,22.367,14.4998,5.2963,2.6249,2.6714,101.7694,386.194
Norway,2020,17.2571,23.2666,14.8418,5.4212,2.6813,2.74,102.1902,
Oman,2005,32.4769,4.1093,8.1139,2.5113,1.0909,1.4204,130.1996,
Oman,2010,25.689,3.8985,9.8269,3.0414,1.2069,1.8345,152.0066,
Oman,2017,22.0405,3.9624,15.0757,4.6659,1.5926,3.0734,192.9816,309.5
Oman,2020,22.4869,4.2653,16.4996,5.1066,1.7364,3.3702,194.0938,
Other non-specified areas,2005,18.9991,13.1353,641.2232,22.7057,11.2116,11.4941,102.5197,
Other non-specified areas,2010,15.8508,15.1757,654.8306,23.1876,11.5333,11.6542,101.0484,
Other non-specified areas,2020,12.7166,22.9211,672.6003,23.8168,11.9825,11.8343,98.7636,
Pakistan,2005,39.973,6.2578,207.9494,160.304,77.6278,82.6762,106.5034,
Pakistan,2010,37.695,6.3026,232.753,179.4246,86.9977,92.427,106.2408,
Pakistan,2017,35.4786,6.4761,269.6998,207.9062,100.9123,106.9939,106.0265,796.095
Pakistan,2020,34.8196,6.7385,286.5457,220.8923,107.2203,113.672,106.0172,
Palau,2005,24.1021,8.2484,43.2739,0.0199,,,116.1924,
Palau,2010,,,44.5,0.0205,,,,
Palau,2016,20.2788,13.1483,46.7457,0.0215,,,113.253,
Palau,2017,,,47.237,0.0217,,,,0.459
Palau,2020,,,48.787,0.0224,,,,
Panama,2005,30.4297,8.7684,44.7971,3.3302,1.6542,1.676,101.3202,
Panama,2010,29.1307,9.6909,49.0004,3.6427,1.8125,1.8302,100.981,
Panama,2017,27.3395,11.35,55.2431,4.1068,2.0487,2.0581,100.4577,75.32
Panama,2020,26.4948,12.2406,58.041,4.3148,2.1549,2.1599,100.2317,
Papua New Guinea,2005,39.1794,5.0349,14.342,6.4949,3.1917,3.3032,103.4942,
Papua New Guinea,2010,38.3023,5.2846,16.143,7.3105,3.5907,3.7198,103.5964,
Papua New Guinea,2017,36.1384,5.7077,18.6328,8.438,4.1325,4.3055,104.1862,462.84
Papua New Guinea,2020,35.146,5.9972,19.7567,8.947,4.379,4.5681,104.3188,
Paraguay,2005,35.4962,6.9574,14.6592,5.8241,2.867,2.9571,103.1447,
Paraguay,2010,32.9354,7.7503,15.7262,6.248,3.07,3.178,103.5193,
Paraguay,2017,29.7044,9.2726,17.2843,6.8671,3.3742,3.4929,103.5181,406.752
Paraguay,2020,28.8935,9.9007,17.9525,7.1325,3.5082,3.6244,103.312,
Peru,2005,32.0454,7.9457,21.7704,27.8661,13.9733,13.8928,99.4236,
Peru,2010,30.0951,8.9003,22.6779,29.0277,14.5538,14.4739,99.4511,
Peru,2017,26.3625,11.3443,24.5659,31.4443,15.831,15.6133,98.6243,1285.216
Peru,2020,24.6921,12.5087,25.7593,32.9719,16.5932,16.3786,98.7065,
Philippines,2005,37.0585,5.4608,289.5202,86.3263,42.9396,43.3867,101.0411,
Philippines,2010,33.9914,6.5015,315.145,93.9668,46.5691,47.3977,101.7794,
Philippines,2017,31.468,7.8036,352.7281,105.1729,52.2936,52.8793,101.12,300.0
Philippines,2020,30.0427,8.6082,367.5121,109.5811,54.5523,55.0288,100.8736,
Poland,2005,16.6108,17.0271,125.2945,38.3689,19.792,18.577,93.8614,
Poland,2010,15.2173,19.3524,125.1666,38.3298,19.7976,18.5322,93.6083,
Poland,2017,14.8793,24.1535,123.9368,37.9532,19.5548,18.3984,94.0866,312.679
Poland,2020,15.2177,25.9403,123.5888,37.8466,19.5087,18.3379,93.9984,
Portugal,2005,15.4363,22.4397,114.7341,10.5085,5.4285,5.08,93.5791,
Portugal,2010,14.9672,24.6722,115.6901,10.5961,5.5252,5.0709,91.7776,
Portugal,2017,13.6671,27.9109,112.3324,10.2885,5.4231,4.8654,89.7158,92.226
Portugal,2020,13.054,29.3677,111.3299,10.1967,5.3727,4.824,89.7883,
Puerto Rico,2005,22.2695,16.8761,409.4576,3.6319,1.8905,1.7414,92.1088,
Puerto Rico,2010,20.6289,18.2972,403.5897,3.5798,1.8607,1.7191,92.3918,
Puerto Rico,2017,17.428,23.5306,356.6705,3.1637,1.656,1.5077,91.0474,8.868
Puerto Rico,2020,15.7523,27.6895,322.5313,2.8609,1.5053,1.3555,90.0484,
Qatar,2005,21.7045,2.5186,74.5406,0.8654,0.2808,0.5846,208.234,
Qatar,2010,12.8872,1.6299,159.8904,1.8563,0.437,1.4193,324.7504,
Qatar,2017,13.5107,2.7089,234.688,2.7247,0.663,2.0617,310.9719,11.607
Qatar,2020,13.6392,3.5617,248.1527,2.8811,0.7159,2.1651,302.4248,
Republic of Korea,2005,18.8273,12.7919,500.8853,48.7011,24.2701,24.4309,100.6626,
Republic of Korea,2010,16.1016,15.3337,509.5715,49.5456,24.721,24.8246,100.4191,
Republic of Korea,2017,13.2255,20.0821,525.5211,51.0964,25.5003,25.5961,100.3756,100.2839
Republic of Korea,2020,12.5428,23.1532,527.298,51.2692,25.6033,25.6659,100.2442,
Republic of Moldova,2005,18.5162,13.5644,126.6147,4.1593,2.1673,1.992,91.9111,
Republic of Moldova,2010,16.5163,14.0894,124.386,4.0861,2.1216,1.9645,92.5942,
Republic of Moldova,2017,15.8161,17.5229,123.5825,4.0597,2.111,1.9486,92.3076,33.846
Republic of Moldova,2020,15.8883,18.8918,122.7995,4.034,2.102,1.932,91.9098,
Romania,2005,15.7384,19.6516,93.0499,21.4173,10.9787,10.4386,95.0802,
Romania,2010,15.7755,21.3425,88.9424,20.4719,10.5318,9.94,94.3806,
Romania,2017,15.4495,24.9005,85.3889,19.654,10.0874,9.5666,94.8378,238.3907
Romania,2020,15.5206,25.9363,83.5804,19.2377,9.8838,9.3539,94.6391,
Russian Federation,2005,15.1738,17.1844,8.7729,143.6721,76.8209,66.8513,87.0223,
Russian Federation,2010,14.9273,17.9647,8.7611,143.4793,76.9378,66.5415,86.4874,
Russian Federation,2017,17.634,21.0083,8.8863,145.5301,78.101,67.429,86.3357,17098.246
Russian Federation,2020,18.3623,22.4118,8.911,145.9345,78.2942,67.6403,86.3925,
Rwanda,2005,42.3586,4.1802,358.3387,8.8402,4.5145,4.3257,95.8176,
Rwanda,2010,41.5394,4.0508,406.9452,10.0393,5.1185,4.9209,96.1399,
Rwanda,2017,40.1361,4.7317,485.649,11.981,6.0949,5.8861,96.5736,26.338
Rwanda,2020,39.4742,5.1208,525.019,12.9522,6.5848,6.3674,96.6993,
Réunion,2005,26.8588,10.2633,316.6392,0.7916,0.4031,0.3885,96.3566,
Réunion,2010,25.4171,12.1951,332.2076,0.8305,0.4284,0.4021,93.8738,
Réunion,2017,23.6064,16.4103,350.4536,0.8761,0.4519,0.4243,93.8913,2.513
Réunion,2020,22.3819,18.2721,358.1248,0.8953,0.462,0.4333,93.7867,
Saint Barthélemy,2005,,,388.7727,0.0086,,,,
Saint Barthélemy,2010,,,419.7273,0.0092,,,,
Saint Barthélemy,2020,,,448.9545,0.0099,,,,
Saint Helena,2005,,,10.9615,0.0043,,,,
Saint Helena,2010,,,10.7103,0.0042,,,,
Saint Helena,2017,,,10.3821,0.004,,,,0.308
Saint Helena,2020,,,10.5795,0.0041,,,,
Saint Kitts and Nevis,2000,27.9772,9.9128,174.5154,0.0454,,,101.949,
Saint Kitts and Nevis,2005,,,186.9654,0.0486,,,95.7168,
Saint Kitts and Nevis,2010,,,197.8654,0.0514,,,95.7249,
Saint Kitts and Nevis,2011,,,200.0231,0.052,,,97.0024,
Saint Kitts and Nevis,2017,,,212.8654,0.0553,,,,0.261
Saint Kitts and Nevis,2020,,,218.5115,0.0568,,,,
Saint Lucia,2005,27.7615,9.6318,267.8967,0.1634,0.0833,0.0801,96.2364,
Saint Lucia,2010,23.2157,11.8637,285.3852,0.1741,0.0884,0.0857,96.9055,
Saint Lucia,2017,18.9087,13.5919,296.6459,0.181,0.0918,0.0891,97.0372,0.539
Saint Lucia,2020,17.9527,14.8796,301.0279,0.1836,0.0932,0.0904,97.012,
Saint Martin (French part),2005,,,646.1887,0.0342,,,,
Saint Martin (French part),2010,,,709.0943,0.0376,,,,
Saint Martin (French part),2020,,,729.5472,0.0387,,,,
Saint Pierre and Miquelon,2005,,,27.2217,0.0063,,,,
Saint Pierre and Miquelon,2006,19.0531,17.7796,27.2174,0.0063,,,98.1559,
Saint Pierre and Miquelon,2010,,,27.2783,0.0063,,,,
Saint Pierre and Miquelon,2017,,,27.4783,0.0063,,,,0.242
Saint Pierre and Miquelon,2020,,,27.8565,0.0064,,,,
Saint Vincent & Grenadines,2005,28.5543,9.3238,278.4974,0.1086,0.0537,0.0549,102.0969,
Saint Vincent & Grenadines,2010,25.8334,11.3085,277.5769,0.1083,0.0532,0.0551,103.657,
Saint Vincent & Grenadines,2017,22.9424,13.6961,281.6077,0.1098,0.054,0.0558,103.438,0.389
Saint Vincent & Grenadines,2020,21.9019,14.6773,284.4615,0.1109,0.0547,0.0562,102.7207,
Samoa,2005,39.6051,6.8493,63.5078,0.1797,0.0866,0.0931,107.548,
Samoa,2010,38.3089,7.0923,65.7064,0.1859,0.09,0.096,106.6848,
Samoa,2017,38.5412,7.3677,69.029,0.1954,0.0943,0.1011,107.1731,2.8418
Samoa,2020,37.1985,8.0398,70.111,0.1984,0.0957,0.1027,107.3098,
San Marino,2004,15.1798,21.5212,481.1,0.0289,,,96.1838,
San Marino,2005,,,487.3333,0.0292,,,96.1412,
San Marino,2010,20.9317,21.6103,518.5,0.0311,,,93.5074,
San Marino,2015,14.9653,24.0856,549.3333,0.033,,,94.8709,0.061
San Marino,2017,,,556.6667,0.0334,,,,0.061
San Marino,2020,,,563.4833,0.0338,,,,
Sao Tome and Principe,2005,43.9977,4.6986,164.0333,0.1575,0.0795,0.0779,97.9933,
Sao Tome and Principe,2010,43.4066,4.4048,187.8865,0.1804,0.0902,0.0902,99.9357,
Sao Tome and Principe,2017,42.855,4.6593,215.7177,0.2071,0.1035,0.1036,100.1295,0.964
Sao Tome and Principe,2020,41.7578,4.9854,228.2906,0.2192,0.1095,0.1097,100.1726,
Saudi Arabia,2005,33.8739,4.4469,11.0789,23.8162,10.5553,13.2609,125.6334,
Saudi Arabia,2010,29.7035,4.4554,12.756,27.4215,11.994,15.4275,128.627,
Saudi Arabia,2017,25.2591,5.4265,15.3981,33.1012,14.1261,18.9751,134.327,2206.714
Saudi Arabia,2020,24.6962,5.8508,16.1948,34.8139,14.6826,20.1313,137.1103,
Senegal,2005,43.7444,4.9494,57.602,11.0901,5.6727,5.4175,95.5009,
Senegal,2010,43.507,4.764,65.8502,12.6781,6.5058,6.1723,94.8736,
Senegal,2017,43.2363,4.7755,80.0881,15.4194,7.9126,7.5068,94.8715,196.712
Senegal,2020,42.5916,4.8154,86.9679,16.7439,8.5731,8.1708,95.3067,
Serbia,2005,18.7143,18.8048,105.1203,9.1938,4.6927,4.5011,95.9154,
Serbia,2010,17.3351,21.0905,102.8042,8.9913,4.5848,4.4065,96.1106,
Serbia,2017,15.8259,24.8725,100.9562,8.8296,4.5026,4.327,96.0989,88.499
Serbia,2020,15.3671,25.3287,99.9013,8.7374,4.4577,4.2797,96.0054,
Seychelles,2005,24.9662,9.1124,192.713,0.0886,0.0444,0.0443,99.8782,
Seychelles,2010,22.8118,9.9218,198.4,0.0913,0.0442,0.0471,106.5888,
Seychelles,2017,23.479,11.5819,209.6043,0.0964,0.0469,0.0495,105.6566,0.457
Seychelles,2020,23.7669,12.9897,213.7978,0.0983,0.0479,0.0504,105.2984,
Sierra Leone,2005,43.7412,5.0066,78.2159,5.6456,2.8406,2.805,98.748,
Sierra Leone,2010,43.0379,4.8143,88.8838,6.4156,3.223,3.1926,99.056,
Sierra Leone,2017,41.3566,4.6463,103.7465,7.4884,3.7545,3.7339,99.4519,72.3
Sierra Leone,2020,40.3436,4.6297,110.5151,7.977,3.9957,3.9812,99.6369,
Singapore,2005,17.2276,10.7364,6093.8386,4.2657,2.1096,2.1561,102.2007,
Singapore,2010,13.9939,12.6714,7330.2457,5.1312,2.456,2.6751,108.9214,
Singapore,2017,12.2125,17.7681,8154.3443,5.708,2.7206,2.9875,109.8113,0.719
Singapore,2020,12.3012,20.9345,8357.6314,5.8503,2.7881,3.0623,109.8337,
Sint Maarten (Dutch part),2005,,,956.7941,0.0325,,,93.8574,
Sint Maarten (Dutch part),2010,,,974.2353,0.0331,,,91.0051,
Sint Maarten (Dutch part),2013,20.9892,10.4212,1071.7353,0.0364,,,95.8327,0.034
Sint Maarten (Dutch part),2014,,,1108.7353,0.0377,,,95.7097,0.034
Sint Maarten (Dutch part),2017,,,1180.0,0.0401,,,,0.034
Sint Maarten (Dutch part),2020,,,1216.5882,0.0414,,,,
Slovakia,2005,16.8224,16.1126,112.2726,5.399,2.7815,2.6175,94.1036,
Slovakia,2010,15.3351,17.8209,112.3834,5.4043,2.783,2.6213,94.1923,
Slovakia,2017,15.3377,21.8289,113.2902,5.4479,2.7981,2.6498,94.6981,49.035
Slovakia,2020,15.5535,23.3266,113.5344,5.4596,2.8012,2.6585,94.9062,
Slovenia,2005,13.9687,20.8174,99.0554,1.995,1.0195,0.9755,95.685,
Slovenia,2010,13.9905,22.1767,101.4567,2.0433,1.0309,1.0125,98.2176,
Slovenia,2017,14.9022,26.2317,103.098,2.0764,1.0438,1.0326,98.9355,20.273
Slovenia,2020,15.1364,27.741,103.2243,2.0789,1.0437,1.0352,99.1883,
Solomon Islands,2005,41.3149,4.8687,16.7888,0.4699,0.2299,0.2401,104.4411,
Solomon Islands,2010,40.7516,5.1199,18.8589,0.5279,0.2597,0.2682,103.2776,
Solomon Islands,2017,40.3538,5.3901,22.7238,0.636,0.3127,0.3234,103.4294,28.896
Solomon Islands,2020,40.03,5.6257,24.5403,0.6869,0.3376,0.3493,103.4495,
Somalia,2005,47.8879,4.2554,16.6526,10.4469,5.2204,5.2265,100.1166,
Somalia,2010,48.1745,4.3753,19.1983,12.0439,6.0278,6.016,99.8042,
Somalia,2017,46.753,4.5308,23.2556,14.5892,7.3133,7.2759,99.4879,637.657
Somalia,2020,46.1499,4.5561,25.3343,15.8932,7.9691,7.9241,99.4348,
South Africa,2005,30.8813,7.0339,39.4699,47.8806,24.2731,23.6075,97.2576,
South Africa,2010,29.6717,7.1703,42.2203,51.217,25.9475,25.2695,97.3872,
South Africa,2017,29.1503,8.1469,46.9955,57.0098,28.8883,28.1214,97.3454,1221.037
South Africa,2020,28.8011,8.5355,48.8906,59.3087,30.0927,29.216,97.0868,
South Sudan,2005,44.2719,5.1209,12.3347,7.5359,3.7761,3.7599,99.5705,
South Sudan,2010,43.5183,5.1908,15.5632,9.5084,4.7559,4.7525,99.9291,
South Sudan,2017,42.0568,5.1207,17.8586,10.9108,5.4513,5.4595,100.1506,658.841
South Sudan,2020,41.3278,5.1518,18.3218,11.1937,5.5907,5.603,100.22,
Spain,2005,14.2466,21.5876,88.25,44.0191,22.3033,21.7158,97.3662,
Spain,2010,14.7934,22.2385,94.0878,46.931,23.7349,23.1961,97.7302,
Spain,2017,14.7033,24.7956,93.5193,46.6474,23.7514,22.896,96.3985,505.944
Spain,2020,14.3995,26.2643,93.7345,46.7548,23.7764,22.9783,96.6433,
Sri Lanka,2005,25.5847,10.3786,311.6726,19.545,9.9065,9.6385,97.2944,
Sri Lanka,2010,25.3783,11.9231,323.1022,20.2617,10.3954,9.8663,94.9101,
Sri Lanka,2017,24.4071,14.9572,336.9165,21.128,10.9698,10.1582,92.6015,65.61
Sri Lanka,2020,23.6849,16.4347,341.4647,21.4132,11.1459,10.2674,92.1177,
State of Palestine,2005,45.5201,4.0219,594.3457,3.578,1.7608,1.8172,103.2004,
State of Palestine,2010,42.2937,4.3586,673.6929,4.0556,1.9979,2.0577,102.9905,
State of Palestine,2017,39.2627,4.678,788.5759,4.7472,2.3389,2.4083,102.9652,6.02
State of Palestine,2020,38.3611,4.9381,847.411,5.1014,2.5144,2.587,102.8844,
Sudan,2005,43.4706,4.8484,17.5347,30.9495,15.4343,15.5152,100.5241,
Sudan,2010,42.9944,5.0892,19.5717,34.545,17.3127,17.2323,99.5353,
Sudan,2020,39.7994,5.6697,24.8431,43.8493,21.942,21.9073,99.842,
Suriname,2005,31.318,8.5137,3.2017,0.4995,0.2475,0.2519,101.7698,
Suriname,2010,29.4031,9.0571,3.3919,0.5291,0.2626,0.2665,101.492,
Suriname,2017,27.4331,10.0325,3.657,0.5705,0.2836,0.2869,101.176,163.82
Suriname,2020,26.6654,10.8172,3.7605,0.5866,0.2918,0.2948,101.0315,
Sweden,2005,17.4046,23.4604,22.0272,9.0386,4.5565,4.4821,98.3661,
Sweden,2010,16.5079,24.8655,22.8839,9.3902,4.713,4.6772,99.24,
Sweden,2017,17.4952,25.4847,24.1383,9.9049,4.9492,4.9557,100.1327,438.574
Sweden,2020,17.6236,25.9444,24.6119,10.0993,5.0403,5.0589,100.3695,
Switzerland,2005,16.2893,21.2633,186.9323,7.3868,3.7708,3.616,95.8943,
Switzerland,2010,15.0583,22.8281,197.6079,7.8087,3.9637,3.845,97.0058,
Switzerland,2017,14.8725,24.0979,213.9843,8.4558,4.2659,4.1899,98.22,41.291
Switzerland,2020,14.9586,25.2887,219.0156,8.6546,4.361,4.2936,98.4563,
Syrian Arab Republic,2005,39.3293,4.9245,99.9901,18.3612,8.9929,9.3683,104.1743,
Syrian Arab Republic,2010,37.3903,5.0099,116.3346,21.3625,10.5775,10.7851,101.9623,
Syrian Arab Republic,2017,31.8295,6.775,93.0985,17.0957,8.5033,8.5923,101.0466,185.18
Syrian Arab Republic,2020,30.7747,7.5323,95.3039,17.5007,8.7406,8.7601,100.2228,
Tajikistan,2005,38.0254,5.0701,48.509,6.7893,3.3762,3.4131,101.0916,
Tajikistan,2010,35.6773,4.7783,53.7825,7.5274,3.7296,3.7978,101.8308,
Tajikistan,2017,36.4524,5.1588,63.4486,8.8803,4.402,4.4783,101.7348,142.6
Tajikistan,2020,37.2701,5.7616,68.1455,9.5376,4.7319,4.8057,101.5603,
Thailand,2005,21.2858,11.1388,128.0436,65.4162,33.2425,32.1737,96.7848,
Thailand,2010,19.1838,12.9412,131.5254,67.195,34.2638,32.9313,96.1111,
Thailand,2017,17.3538,17.0012,135.4691,69.2098,35.458,33.7518,95.1882,513.12
Thailand,2020,16.5525,19.2151,136.6243,69.8,35.8339,33.9661,94.7875,
Timor-Leste,2005,44.6618,5.921,66.9223,0.9951,0.4925,0.5026,102.0482,
Timor-Leste,2010,42.5343,6.3372,73.5389,1.0935,0.5408,0.5527,102.2129,
Timor-Leste,2017,38.3023,6.3523,83.6085,1.2433,0.6149,0.6284,102.2051,14.919
Timor-Leste,2020,36.8319,6.5724,88.6648,1.3184,0.6522,0.6662,102.153,
Togo,2005,42.777,4.4863,103.1741,5.6116,2.8349,2.7767,97.9455,
Togo,2010,42.787,4.433,118.0673,6.4217,3.236,3.1856,98.4423,
Togo,2017,41.6376,4.5862,141.5421,7.6985,3.871,3.8275,98.8749,56.785
Togo,2020,40.6363,4.6929,152.2104,8.2787,4.1593,4.1194,99.04,
Tokelau,2001,40.7287,9.499,150.3,0.0015,,,98.067,
Tokelau,2005,,,120.8,0.0012,,,,
Tokelau,2006,36.5769,11.2945,116.7,0.0012,,,102.6408,
Tokelau,2010,,,114.0,0.0011,,,,
Tokelau,2016,28.2751,12.2022,128.2,0.0013,,,100.0,
Tokelau,2017,,,130.0,0.0013,,,,0.012
Tokelau,2020,,,135.7,0.0014,,,,
Tonga,2005,38.2062,8.1621,140.1458,0.1009,0.0503,0.0507,100.788,
Tonga,2010,37.4079,7.8549,144.425,0.104,0.0519,0.0521,100.5381,
Tonga,2017,35.7831,8.6629,141.6639,0.102,0.051,0.051,99.9843,0.747
Tonga,2020,34.7651,8.7242,146.7986,0.1057,0.0528,0.0529,100.2103,
Trinidad and Tobago,2005,21.8509,10.8082,252.7294,1.2965,0.6533,0.6432,98.4678,
Trinidad and Tobago,2010,20.7224,12.4367,258.8981,1.3281,0.6704,0.6578,98.1163,
Trinidad and Tobago,2017,20.5385,15.3902,269.7971,1.3841,0.7,0.6841,97.7288,5.127
Trinidad and Tobago,2020,20.0622,16.925,272.8047,1.3995,0.7085,0.6909,97.5165,
Tunisia,2005,25.4918,10.052,65.0539,10.1068,5.0485,5.0583,100.1947,
Tunisia,2010,23.3332,10.3837,68.4555,10.6352,5.3322,5.303,99.4528,
Tunisia,2017,24.1116,12.3694,73.5932,11.4334,5.7681,5.6654,98.2189,163.61
Tunisia,2020,24.2907,13.4325,76.0725,11.8186,5.9579,5.8608,98.37,
Turkey,2005,28.6,9.5561,88.2287,67.9035,34.4839,33.4196,96.9138,
Turkey,2010,26.9019,10.3577,93.9763,72.327,36.7627,35.5642,96.7399,
Turkey,2017,25.0028,12.1021,105.3967,81.1165,41.1382,39.9782,97.1802,783.562
Turkey,2020,23.9421,13.0672,109.5839,84.3391,42.7029,41.6361,97.5018,
Turkmenistan,2005,32.6073,6.0641,10.1178,4.7546,2.4158,2.3389,96.8177,
Turkmenistan,2010,29.5174,6.0788,10.8255,5.0872,2.5847,2.5025,96.8204,
Turkmenistan,2017,30.9103,7.2795,12.2522,5.7577,2.9226,2.8351,97.0061,488.1
Turkmenistan,2020,30.7918,8.1006,12.8343,6.0312,3.0619,2.9693,96.9768,
Turks and Caicos Islands,2001,28.6282,5.2499,21.2474,0.0202,,,99.079,
Turks and Caicos Islands,2005,,,27.84,0.0264,,,99.0762,
Turks and Caicos Islands,2010,,,32.6253,0.031,,,106.7106,
Turks and Caicos Islands,2017,19.1647,7.5719,37.3116,0.0354,,,104.1034,0.9482
Turks and Caicos Islands,2020,,,38.8979,0.037,,,,
Tuvalu,2002,36.1678,8.6079,321.1667,0.0096,,,97.8684,
Tuvalu,2005,,,334.2333,0.01,,,,
Tuvalu,2010,,,351.0333,0.0105,,,,
Tuvalu,2016,31.1055,9.9178,369.9,0.0111,,,102.0,
Tuvalu,2017,,,373.0667,0.0112,,,,0.026
Tuvalu,2020,,,383.3,0.0115,,,,
Uganda,2005,49.6674,3.1502,138.5546,27.6846,14.0456,13.639,97.1057,
Uganda,2010,49.0926,3.0312,162.295,32.4282,16.5133,15.9148,96.3755,
Uganda,2017,47.3199,3.1297,206.0287,41.1666,20.9184,20.2482,96.7959,241.55
Uganda,2020,46.0159,3.2269,228.9225,45.741,23.1944,22.5466,97.207,
Ukraine,2005,14.6234,20.368,80.9411,46.8908,25.1407,21.7501,86.5136,
Ukraine,2010,14.126,20.9527,79.0446,45.7921,24.6553,21.1368,85.7294,
Ukraine,2017,15.629,22.8226,76.793,44.4877,23.8899,20.5978,86.22,603.5
Ukraine,2020,15.9905,23.6434,75.4915,43.7338,23.4706,20.2631,86.3341,
United Arab Emirates,2005,18.3413,1.6024,54.8831,4.5882,1.3587,3.2295,237.6863,
United Arab Emirates,2010,13.1563,1.3995,102.2726,8.55,2.154,6.396,296.9299,
United Arab Emirates,2017,14.5044,2.2087,113.4833,9.4872,2.8917,6.5955,228.0813,83.6
United Arab Emirates,2020,14.8141,3.1447,118.3062,9.8904,3.0541,6.8363,223.8453,
United Kingdom,2005,17.9777,21.2185,249.1959,60.288,30.7705,29.5175,95.928,
United Kingdom,2010,17.4955,22.6108,262.3065,63.4598,32.2845,31.1753,96.5642,
United Kingdom,2017,17.635,23.6954,275.8131,66.7275,33.8034,32.9241,97.3988,242.495
United Kingdom,2020,17.6773,24.4057,280.6019,67.886,34.3436,33.5424,97.6672,
United Rep. of Tanzania,2005,44.7556,4.0787,43.4075,38.4503,19.3122,19.1381,99.0988,
United Rep. of Tanzania,2010,44.8756,4.0287,50.0638,44.3465,22.2271,22.1195,99.5159,
United Rep. of Tanzania,2017,44.3164,4.1031,61.7073,54.6603,27.3654,27.2949,99.7424,947.303
United Rep. of Tanzania,2020,43.5544,4.2309,67.4353,59.7342,29.8831,29.8511,99.8929,
United States Virgin Islands,2005,22.414,16.616,307.9829,0.1078,0.0557,0.0521,93.4865,
United States Virgin Islands,2010,20.7377,20.4445,303.1057,0.1061,0.0553,0.0508,91.7714,
United States Virgin Islands,2017,19.9168,25.4699,299.2886,0.1048,0.0549,0.0499,90.8097,0.347
United States Virgin Islands,2020,19.2559,27.6371,298.3571,0.1044,0.0548,0.0496,90.4765,
United States of America,2005,20.8811,16.6797,32.2488,294.9935,149.4254,145.5681,97.4185,
United States of America,2010,20.2048,18.3749,33.7813,309.0115,156.4006,152.6109,97.577,
United States of America,2017,18.8585,21.4902,35.5384,325.0848,164.2438,160.8409,97.9282,9833.5168
United States of America,2020,18.3717,22.8753,36.1854,331.0027,167.2166,163.786,97.9484,
Uruguay,2005,23.6948,17.9071,18.9796,3.3218,1.7194,1.6024,93.1958,
Uruguay,2010,22.2024,18.5126,19.1937,3.3593,1.7404,1.6189,93.0187,
Uruguay,2017,20.777,19.5796,19.6357,3.4366,1.7781,1.6586,93.2801,173.626
Uruguay,2020,20.335,20.2356,19.8476,3.4737,1.7954,1.6783,93.4803,
Uzbekistan,2005,32.5988,6.5472,62.1246,26.4278,13.2973,13.1304,98.7448,
Uzbekistan,2010,29.1353,6.1811,67.0332,28.5159,14.3337,14.1822,98.9431,
Uzbekistan,2017,28.5183,7.3942,75.1288,31.9598,16.0289,15.9309,99.3886,448.969
Uzbekistan,2020,28.8,8.2798,78.677,33.4692,16.7723,16.6969,99.5507,
Vanuatu,2005,39.6757,5.139,17.1683,0.2093,0.1025,0.1068,104.1377,
Vanuatu,2010,38.2154,5.7068,19.3774,0.2362,0.1163,0.1199,103.1389,
Vanuatu,2017,38.8624,5.7161,23.4217,0.2855,0.1407,0.1448,102.9335,12.189
Vanuatu,2020,38.4102,5.8061,25.1965,0.3071,0.1515,0.1557,102.7928,
Venezuela (Boliv. Rep. of),2005,31.6896,7.4676,29.9671,26.4324,13.2021,13.2304,100.2141,
Venezuela (Boliv. Rep. of),2010,29.9075,8.4035,32.243,28.4399,14.2502,14.1898,99.5759,
Venezuela (Boliv. Rep. of),2017,27.9706,10.5364,33.3343,29.4025,14.8494,14.553,98.0039,912.05
Venezuela (Boliv. Rep. of),2020,27.2627,12.1134,32.2385,28.4359,14.451,13.9849,96.7748,
Viet Nam,2005,27.1022,8.6014,270.3669,83.8327,42.3011,41.5315,98.1806,
Viet Nam,2010,23.6272,8.8259,283.7026,87.9677,44.2213,43.7464,98.926,
Viet Nam,2017,23.0976,10.9879,305.0945,94.6006,47.4076,47.193,99.5473,330.967
Viet Nam,2020,23.194,12.3154,313.9245,97.3386,48.7403,48.5983,99.7085,
Wallis and Futuna Islands,2003,,,104.65,0.0147,,,100.5906,
Wallis and Futuna Islands,2005,,,104.0571,0.0146,,,,
Wallis and Futuna Islands,2008,,,99.8857,0.014,,,98.4209,
Wallis and Futuna Islands,2010,,,95.9143,0.0134,,,,
Wallis and Futuna Islands,2016,25.5,15.4,84.9929,0.0119,,,93.4426,
Wallis and Futuna Islands,2017,,,84.0929,0.0118,,,,0.142
Wallis and Futuna Islands,2020,,,82.5071,0.0116,,,,
Western Sahara,2005,31.5095,3.5775,1.6448,0.4375,0.2068,0.2307,111.5198,
Western Sahara,2010,29.3505,3.8232,1.8055,0.4803,0.2274,0.2529,111.2099,
Western Sahara,2017,28.0562,5.398,2.0775,0.5526,0.263,0.2896,110.1445,266.0
Western Sahara,2020,27.1911,6.3487,2.2456,0.5973,0.2851,0.3123,109.538,
Yemen,2005,46.0576,4.1685,38.0844,20.1074,9.9729,10.1345,101.6199,
Yemen,2010,42.6731,4.2798,43.8564,23.1549,11.4833,11.6716,101.6399,
Yemen,2017,40.0014,4.487,52.7205,27.8348,13.8075,14.0273,101.5918,527.968
Yemen,2020,38.8322,4.6384,56.4918,29.826,14.801,15.025,101.5134,
Zambia,2005,47.015,3.4973,15.9489,11.8562,5.9953,5.8609,97.7584,
Zambia,2010,47.2891,3.2923,18.3026,13.606,6.8875,6.7185,97.5468,
Zambia,2017,45.4114,3.3133,22.6713,16.8536,8.5108,8.3428,98.025,752.612
Zambia,2020,44.0174,3.4242,24.7299,18.384,9.281,9.103,98.0827,
Zimbabwe,2005,41.3469,4.7155,31.218,12.0767,6.293,5.7837,91.9065,
Zimbabwe,2010,41.6098,4.4003,32.8234,12.6977,6.6487,6.049,90.9805,
Zimbabwe,2017,42.5979,4.4723,36.8013,14.2366,7.4595,6.7771,90.8508,390.757
Zimbabwe,2020,41.9111,4.6319,38.4204,14.8629,7.7709,7.092,91.2635,
