Region/Country/Area,Year,Index of industrial production: Basic metals (Index base: 2005=100),"Index of industrial production: Chemicals, petroleum, rubber and plastic products (Index base: 2005=100)","Index of industrial production: Electricity, gas and water (Index base: 2005=100)","Index of industrial production: Electricity, gas, steam (Index base: 2005=100)","Index of industrial production: Food, beverages and tobacco (Index base: 2005=100)",Index of industrial production: Machinery (Index base: 2005=100),Index of industrial production: Manufacturing (Index base: 2005=100),Index of industrial production: Metal products (Index base: 2005=100),Index of industrial production: Metal products and machinery (Index Base: 2005=100),Index of industrial production: Mining (Index base: 2005=100),Index of industrial production: Mining and manufacturing (Index base: 2005=100),Index of industrial production: Miscellaneous manufacturing industries (Index base: 2005=100),"Index of industrial production: Textiles, wearing apparel, leather, footwear (Index base: 2005=100)","Index of industrial production: Total industry - Mining; manufacturing; electricity, gas and water (Index base: 2005=100)",Index of industrial production: Water and waste management (Index base: 2005=100)
Albania,2007,,69.9,,56.6,124.8,,113.3,,113.9,136.5,,,106.6,118.5,102.8
Albania,2008,,73.3,,84.1,149.9,,134.2,,126.6,156.7,,,128.1,142.7,131.1
Albania,2009,,122.5,,66.4,149.3,,153.9,,109.2,153.1,,,159.6,148.3,125.5
Albania,2010,,77.4,,83.4,158.9,,186.6,,145.6,241.7,,,181.7,200.2,110.6
Albania,2011,,119.1,,41,161.6,,204.1,,167.1,361.4,,,183.6,237.6,118.4
Albania,2012,,94.5,,57.3,185.3,,199.5,,206,477,,,168.5,273.4,108.4
Albania,2013,,69.2,,112.4,169.9,,198.5,,218.1,699.8,,,195.2,349.1,116
Albania,2014,,44.5,,99.7,169.8,,212.9,,215.7,695.1,,,231.9,355.3,116.1
Algeria,2007,100.3,99.2,109.5,,87.1,,87.2,,77.9,125.9,,,64,97,
Algeria,2008,133.9,103.8,118.2,,93,,88.9,,75.8,138.3,,,58.7,98.7,
Algeria,2009,204.3,109.1,126.6,,84.4,,90.4,,74.7,143,,,59.4,99.2,
Algeria,2010,109.4,129.2,133.7,,81.7,,85.5,,73.9,138.3,,,53.6,96.7,
Algeria,2011,57.1,123.7,144.6,,98.7,,84.3,,80.6,125.2,,,47.6,97,
Algeria,2012,101.4,115.7,162.2,,96.8,,84.3,,82.1,118.2,,,42.7,98.6,
Algeria,2013,142.5,115.3,165.6,,96,,85.9,,83.2,125.3,,,42.8,99.5,
Algeria,2014,108.8,145.9,178.9,,103,,86.4,,70.3,133.6,,,45.6,104.2,
Argentina,2007,111.7,115.9,108.3,,116.8,,119.6,,133,,,,116.6,,
Argentina,2008,122.9,120.9,115.3,,127.9,,126.3,,137.8,,,,112.9,,
Argentina,2009,104.2,130.7,114.8,,139.7,,127,,119.2,,,,112.6,,
Argentina,2010,127.3,138.9,119.3,,149.9,,142.8,,149.1,,,,136.8,,
Argentina,2011,150.2,146.9,124.9,,173.5,,162.4,,175.3,,,,156.4,,
Argentina,2012,137.2,152,129.7,,186.6,,165.1,,161.6,,,,158.5,,
Argentina,2013,140.7,155.2,133.8,,197.6,,171,,156.8,,,,170.5,,
Argentina,2014,144.7,155.2,135.3,,200.4,,169.4,,137.2,,,,173.9,,
Armenia,2007,119.3,117.7,105.4,,109.8,,99.4,,146.6,109.7,,,106.4,101.7,
Armenia,2008,108,108.8,109.5,,117.3,,100,,161.4,109.5,,,106.4,103.4,
Armenia,2009,129.9,91.9,95,,111.8,,91.2,,131.2,121.2,,,82.1,95.7,
Armenia,2010,138.2,90.4,86.1,,128.4,,101.7,,153.1,149.8,,,95.8,104.9,
Australia,2007,126.1,94.7,,104.2,100.4,,101.7,,99.2,111.2,,,97.9,105.2,99.6
Australia,2008,149.2,95,,106.9,100.7,,105.6,,101.7,114.2,,,96.8,108.2,95.1
Australia,2009,153.6,84.6,,111.8,97.1,,100.1,,96.7,117.8,,,85.6,107.6,98.1
Australia,2010,141.6,89.5,,111.9,100.2,,100.5,,100.3,126.9,,,57,111.1,100.9
Australia,2011,148.2,89,,112.6,100.1,,100.3,,100.7,129.3,,,54.7,112.4,107.6
Australia,2012,150.3,91.9,,111.1,102.2,,101.1,,104.5,138.9,,,52.4,116.3,111.9
Australia,2013,134.9,85.1,,110.6,104.3,,98.5,,101.5,150.9,,,50.1,119.3,114.7
Australia,2014,128.7,78.5,,108.3,104.4,,96.7,,98.4,166.5,,,53.2,123.4,109.6
Austria,2007,116.5,118.6,,108.2,106.9,,113.8,,118,110.7,,,96.2,113.2,109.6
Austria,2008,117.6,124.9,,118.5,106.3,,116.1,,121.8,118.3,,,89.5,116.4,119.2
Austria,2009,86.5,114.3,,116.2,102,,100.7,,101,110.3,,,76.6,102.9,130.9
Austria,2010,108.1,120,,123.5,104.9,,108.1,,109.8,115.4,,,80.2,110.3,146.6
Austria,2011,120.5,128.7,,125,108,,114.8,,118.8,125,,,75.6,116.4,144.8
Austria,2012,116.4,130.5,,142,108.1,,114.6,,120.1,125,,,72.7,118.1,162.6
Austria,2013,117.4,130.2,,135.6,110.6,,115.8,,122.5,116.2,,,71.7,118.8,176.2
Austria,2014,119.8,134.7,,120.8,112.2,,117,,124,115.9,,,71.6,118.6,177.5
Azerbaijan,2007,75.8,101.7,,102.6,108.6,,114.7,,252.9,186.8,,,72.5,169.4,82.3
Azerbaijan,2008,87.8,113.8,,111.3,109.6,,122.3,,292.6,196.7,,,56.4,179.6,82.6
Azerbaijan,2009,29.8,95.1,,97.5,111.3,,112.9,,175.9,221.3,,,54,195,81.8
Azerbaijan,2010,43,107.1,,105.4,114.4,,123.5,,"1,748.60",223.8,,,57.2,200.1,80.6
Azerbaijan,2011,81.7,112.8,,114.3,118.4,,132.3,,"1,689.40",205,,,72.8,190.1,90.3
Azerbaijan,2012,94.7,105,,127.6,122.5,,139.4,,629.1,196.5,,,96.3,185.7,91.5
Azerbaijan,2013,96.1,114.2,,131.8,128.9,,147.5,,795,197.8,,,83.1,189.1,102.1
Azerbaijan,2014,102.9,115.2,,140,132.3,,150.7,,"1,241.20",193.6,,,98.7,187.7,108.9
Bahrain,2007,,,189.2,,,,121.4,,,101.2,,,,109,
Bahrain,2008,,,214.7,,,,129.7,,,101.8,,,,112.4,
Bahrain,2009,,,233.5,,,,135.8,,,101.4,,,,114.4,
Bahrain,2010,,,283.2,,,,141,,,101.8,,,,117,
Bahrain,2011,,,291.6,,,,145.3,,,105.3,,,,120.9,
Bahrain,2012,,,308.4,,,,152.1,,,96.8,,,,117.6,
Bahrain,2013,,,315.8,,,,157,,,111.1,,,,128.8,
Bahrain,2014,,,327.4,,,,163.6,,,115.3,,,,133.9,
Bangladesh,2007,119.4,104.4,106.7,,113,110.6,119.7,,,117.2,,,129.7,119.6,
Bangladesh,2008,128.7,97.7,114,,113.5,112.3,131.1,,,125,,,145,129.1,
Bangladesh,2009,148.7,95.6,120.1,,112.1,118.4,140,,,134.4,,,154.1,138.4,
Bangladesh,2010,87.3,100.5,132.8,,122.3,132.2,148.9,,,147.2,,,160.7,148.4,
Bangladesh,2011,115.9,96.3,145.7,,146.4,123.8,181.1,,,147.4,,,180.3,173.2,
Bangladesh,2012,114,94.8,162.8,,135.3,118.6,198.5,,,155.5,,,194.6,189.9,
Bangladesh,2013,,,172.3,,,,216.1,,,166,,,,206.3,
Barbados,2007,,94.2,110.9,,97.9,,98,,92.8,91.2,,,81.3,101,
Barbados,2008,,97.4,110.2,,99.1,,96.1,,92.6,84,,,47.6,99.3,
Barbados,2009,,74.2,111.2,,88.7,,84.1,,95.4,52.7,,,56.7,89.6,
Barbados,2010,,73.9,113.6,,91.1,,80.6,,112.7,58.2,,,32.1,88,
Barbados,2011,,66.6,111.9,,85.8,,77,,121.1,50.3,,,43.7,84.7,
Barbados,2012,,64.7,112.4,,83.7,,71.1,,126.6,46.3,,,48.4,80.6,
Barbados,2013,,88.9,111.6,,81.7,,72.4,,113.9,38.6,,,28.2,80.9,
Barbados,2014,,113.9,111.5,,78.6,,71.1,,108.6,48.1,,,32.1,80.4,
Belarus,2007,,129.2,99.3,,112.8,129.3,123.8,130.1,,104.8,,,109,120.8,
Belarus,2008,,151.5,103.2,,125.3,144.5,138.9,148.9,,106,,,114,134.5,
Belarus,2009,,160,93.4,,131.4,99.2,135.1,134.8,,109.2,,,102.9,130.3,
Belarus,2010,,182.2,107.1,,145.6,120,150.6,164.7,,119.9,,,116.8,145.6,
Belarus,2011,,196.4,99.9,,158.2,146.1,166.9,173.8,,123.6,,,124.8,158.8,
Belarus,2012,,221.5,100,,165.4,161.1,177.7,182.5,,121.4,,,126.5,168,
Belarus,2013,,194.9,100.7,,168.1,158.5,168.1,172,,120.9,,,123.1,159.7,
Belarus,2014,,,103.4,,,,168.7,,,171.2,,,,162.7,
Belgium,2007,121.1,107.8,,102.3,112.1,,114.7,,122,114,,,106,113,102.5
Belgium,2008,129.5,114.3,,100.1,121.2,,120.4,,124.9,121,,,95.5,117.5,100.7
Belgium,2009,89.9,100.4,,107.5,119,,104.9,,101.7,97,,,78.7,105.5,101.8
Belgium,2010,116.5,119.4,,110,121.7,,118.3,,112.5,109.5,,,85,117.4,101.8
Belgium,2011,115.7,124.2,,100.8,127.8,,125,,124.5,113.2,,,82.1,121.9,101
Belgium,2012,112.2,122.2,,98,129,,122.4,,122.3,104.7,,,74.6,119.3,100.4
Belgium,2013,111.5,130.5,,99.5,127.8,,123.2,,119.9,97,,,73.4,120.2,100.3
Belgium,2014,111.5,139,,86,127.9,,126.8,,123.7,94.3,,,77.5,121.1,98.5
Benin,2007,,,,,,,,,,,,,,106.8,
Benin,2008,,,,,,,,,,,,,,114.7,
Benin,2009,,,,,,,,,,,,,,121.9,
Benin,2010,,,,,,,,,,,,,,129.4,
Benin,2011,,,,,,,,,,,,,,138.9,
Benin,2012,,,,,,,,,,,,,,142.3,
Benin,2013,,,,,,,,,,,,,,147.8,
Bolivia (Plurinational State of),2007,84.2,112.8,112.3,,114.8,,112.6,,125.8,116.7,,,94.1,,
Bolivia (Plurinational State of),2008,111.9,122.9,116.4,,113.1,,115.5,,126,188.3,,,99,,
Bolivia (Plurinational State of),2009,133.7,118,123.6,,121,,119.1,,118.7,206.9,,,93.7,,
Bolivia (Plurinational State of),2010,133.6,120,132.4,,124.6,,122.9,,157.9,198.4,,,97.6,,
Bolivia (Plurinational State of),2011,130.2,124.5,142.8,,131.8,,127.3,,134,206.4,,,96,,
Bolivia (Plurinational State of),2012,129.7,130.6,151.1,,143.1,,134.5,,124.5,196.3,,,96.5,,
Bolivia (Plurinational State of),2013,,,,,,,,,,201.9,,,,,
Bolivia (Plurinational State of),2014,,,,,,,,,,214.6,,,,,
Bosnia and Herzegovina,2007,160.5,104.3,105.3,,108.1,,128.4,,107.4,107.2,,,98.2,119.9,
Bosnia and Herzegovina,2008,166.3,135.5,115.4,,113.3,,135.6,,108.9,120.9,,,102.1,128.7,
Bosnia and Herzegovina,2009,137.1,276.2,115.5,,125.4,,139.3,,110.4,117.9,,,100.6,130.6,
Bosnia and Herzegovina,2010,174.5,308.1,119.7,,116,,146.4,,110.8,113.7,,,109.8,135.4,
Bosnia and Herzegovina,2011,193,354.1,122.1,,105.3,,153.7,,108.5,131.4,,,120.3,143,
Botswana,2007,,,,72.1,,,,,,103,,,,,
Botswana,2008,,,,67.8,,,,,,100.9,,,,,
Botswana,2009,,,,51.2,,,,,,58.9,,,,,
Botswana,2010,,,,52.7,,,,,,70.8,,,,,
Botswana,2011,,,,35,,,,,,71,,,,,
Botswana,2012,,,,81.1,,,,,,65.5,,,,,
Botswana,2013,,,,194,,,,,,76.8,,,,,
Botswana,2014,,,,272.5,,,,,,79.3,,,,,
Brazil,2007,109.8,105.6,,,105.7,,108.5,,116.4,113.7,,,99.5,108.8,
Brazil,2008,113.4,107.9,,,105.9,,111.8,,125.2,118.1,,,97.7,112.1,
Brazil,2009,93.5,106.4,,,105.8,,103.9,,106.1,107.6,,,90.6,104.1,
Brazil,2010,110,109.8,,,111.4,,114.3,,126.6,122.1,,,96.1,114.8,
Brazil,2011,109.5,110.4,,,111.9,,114.7,,128.8,124.7,,,86.2,115.3,
Brazil,2012,105,113.6,,,110.7,,111.9,,120.4,124.1,,,81.2,112.6,
Brazil,2013,105.1,118.7,,,110.5,,115.1,,126.1,119.6,,,82.2,114.9,
Brazil,2014,97.3,120.2,,,109.8,,110.3,,114.5,126.8,,,78.4,111.4,
Brunei Darussalam,2007,,,102.8,,,,97.7,,,95.9,,,,96.4,
Brunei Darussalam,2008,,,103.7,,,,100.5,,,86.9,,,,90.7,
Brunei Darussalam,2009,,,110.3,,,,90.6,,,84,,,,86,
Brunei Darussalam,2010,,,115.3,,,,92,,,85.4,,,,87.5,
Brunei Darussalam,2011,,,119.8,,,,95.2,,,88,,,,90.3,
Brunei Darussalam,2012,,,124.9,,,,95.9,,,84.8,,,,88.2,
Brunei Darussalam,2013,,,126.9,,,,97.6,,,75.9,,,,82.2,
Brunei Darussalam,2014,,,132.2,,,,91,,,74,,,,79.3,
Bulgaria,2007,110.8,109.1,,117.4,112.3,,119,,127.6,92.8,,,116.1,116.2,
Bulgaria,2008,111.8,116.5,,120.2,119.7,,119.9,,134.4,87.7,,,101.4,117,
Bulgaria,2009,95.7,86.1,,112.5,107.5,,93.1,,100.3,74.6,,,73.6,95.6,
Bulgaria,2010,97.2,96.9,,110,106.3,,96.7,,109.5,75.6,,,68.9,97.6,
Bulgaria,2011,103.7,106.7,,118.7,104,,101.7,,121.2,81.8,,,69.9,103.2,
Bulgaria,2012,95.6,105.7,,118.1,105.6,,101.7,,126.4,80,,,63.6,102.9,
Bulgaria,2013,99.2,108,,119.3,103.1,,102.2,,129.8,74.9,,,66.7,102.7,
Bulgaria,2014,100.9,117.4,,116.6,100.5,,106.1,,140.5,74.2,,,68.1,104.6,
Cameroon,2007,102.9,111.3,105.8,,105.2,359.5,104.4,,,,,,66.5,103.8,
Cameroon,2008,104.3,98.4,111.2,,128.8,321.9,107.4,,,,,,60,107.1,
Cameroon,2009,100.7,102,111.8,,131.4,233.3,102.9,,,,,,53,103.3,
Cameroon,2010,121.8,97.5,115.7,,151.8,309.8,101.3,,,,,,52.4,102.3,
Cameroon,2011,109.2,102.6,119.7,,168.6,287.8,103.5,,,,,,53.6,104.6,
Cameroon,2012,100.3,78.6,123.3,,229.4,313.9,111.5,,,,,,58.7,112,
Canada,2007,97.3,95.1,103.9,,99.2,,96.5,,100.2,103.7,,,77.4,98.8,
Canada,2008,96.7,89.5,103.1,,99.4,,89.7,,91.9,100.9,,,64.9,93.5,
Canada,2009,72.5,79.6,99.2,,100.4,,78.6,,78.5,92.7,,,54.3,83.9,
Canada,2010,81.7,83,101.9,,101.8,,83,,84.1,98,,,57,88.2,
Canada,2011,83.2,84.6,112.2,,101,,85.6,,91,102.3,,,56.9,92.1,
Central African Rep.,2007,,95.6,104.7,,131.7,,221.6,,133,132.4,,,,182.7,
Central African Rep.,2008,,53.3,97.3,,148.1,,243.1,,119.5,128,,,,193.3,
Central African Rep.,2009,,43.1,103.4,,172.6,,167.5,,127.7,108.8,,,,143,
Central African Rep.,2010,,72.1,104.9,,215.9,,137.7,,371.6,111,,,,126.3,
Central African Rep.,2011,,115,105.3,,186.8,,147.2,,649.4,123.7,,,,136,
Central African Rep.,2012,,106,106.7,,200.2,,153,,609.8,137.4,,,,144.1,
Central African Rep.,2013,,84.9,102.7,,181.3,,106.4,,298.6,43.6,,,,86.2,
Chad,2007,,,,,,,,,,,,,,88,
Chad,2008,,,,,,,,,,,,,,80.8,
Chad,2009,,,,,,,,,,,,,,77,
Chad,2010,,,,,,,,,,,,,,78.9,
Chad,2011,,,,,,,,,,,,,,76,
Chad,2012,,,,,,,,,,,,,,73.5,
Chad,2013,,,,,,,,,,,,,,65.1,
Chile,2007,107.1,100.2,105.6,,112.3,,107.5,,105.4,104.7,,,83.8,,
Chile,2008,98.4,100.6,103.6,,114.5,,107.8,,110.8,99.3,,,69.8,,
Chile,2009,85.6,99.6,106.5,,106.9,,100.6,,101.7,99.5,,,56.8,,
Chile,2010,82.1,112.3,110.6,,108.7,,103.8,,111.3,100.7,,,58.6,,
Chile,2011,118.7,113.1,116.7,,113.7,,112.1,,121.5,107.2,,,48.1,,
Chile,2012,112,109.2,123.3,,120.2,,114.6,,129.3,104.5,,,,,
Chile,2013,97.7,107.3,127.6,,126.6,,114.8,,122.8,110.6,,,,,
Chile,2014,93.2,105.5,130.7,,129.2,,113.6,,112.1,111.7,,,,,
"China, Hong Kong SAR",2007,,,,101,125,,100.8,,85.7,,,114,85.1,,
"China, Hong Kong SAR",2008,,,,99.2,128.2,,94,,76.7,,,114,69,,
"China, Hong Kong SAR",2009,,,,100.6,127.1,,86.2,,68.8,,,109,50.1,,
"China, Hong Kong SAR",2010,,,,99.9,135.1,,89.3,,75.6,,,117,44.6,,
"China, Hong Kong SAR",2011,,,,101.8,144.5,,89.9,,68.5,,,124,39.6,,
"China, Hong Kong SAR",2012,,,,101.4,151.8,,89.2,,62.2,,,130,33.4,,
"China, Hong Kong SAR",2013,,,,102.1,157.4,,89.3,,57.4,,,137,30.2,,
"China, Hong Kong SAR",2014,,,,104,167.9,,88.9,,54.3,,,134,27.4,,
"China, Macao SAR",2007,,,74.9,,,,93.8,,,,,,91.2,87.5,
"China, Macao SAR",2008,,,59.7,,,,63.5,,,,,,61,64.9,
"China, Macao SAR",2009,,,72.3,,,,29.3,,,,,,15.3,50.2,
"China, Macao SAR",2010,,,53.1,,,,30.6,,,,,,9.6,45.2,
"China, Macao SAR",2011,,,43.7,,,,38.8,,,,,,7.3,45.1,
"China, Macao SAR",2012,,,27.7,,,,49.3,,,,,,5.6,41.6,
Colombia,2007,109.1,107.4,,,116.9,,121,,145.4,,,,119.9,,
Colombia,2008,101.8,106.6,,,117.5,,117,,123.5,,,,109.3,,
Colombia,2009,100.5,104.9,,,117.6,,111.1,,102,,,,93.4,,
Colombia,2010,103.1,111.1,,,115.9,,115.8,,119.4,,,,107.4,,
Colombia,2011,93.1,115.9,,,122.7,,121.5,,126.4,,,,112,,
Colombia,2012,105.1,110.6,,,126.1,,121,,123.9,,,,115,,
Colombia,2013,96.5,109.3,,,130.9,,119.5,,114.9,,,,109,,
Colombia,2014,95.9,105.5,,,136.8,,121.3,,114.6,,,,108.4,,
Congo,2007,,100.1,117.4,,137.4,,102.7,,,,,,,104.9,
Congo,2008,,75.5,98.2,,153.8,,107.7,,,,,,,106.4,
Congo,2009,,93.7,114.2,,199.1,,,,,,,,,159,
Costa Rica,2007,,110.8,108.5,,110.7,,118.6,,117,,,,97.5,,
Costa Rica,2008,,112.1,107.9,,110.1,,114.2,,115.1,,,,97.7,,
Costa Rica,2009,,98.4,111.5,,108.1,,109.7,,98.8,,,,95.9,,
Costa Rica,2010,,104.3,114.5,,112.4,,114.2,,111.8,,,,98,,
Costa Rica,2011,,110.9,117.4,,113.7,,118.5,,104.8,,,,100.3,,
Costa Rica,2012,,112.6,125.5,,118.1,,125.3,,107.5,,,,107.9,,
Costa Rica,2013,,122.6,122.4,,118,,130.6,,99.8,,,,104,,
Costa Rica,2014,,135.9,123.9,,120.8,,133.8,,92,,,,108.2,,
Croatia,2007,103.3,99.6,,102.7,109.1,,110,,112.8,113.4,,,102.8,109.3,
Croatia,2008,112.6,92.7,,106.7,111.7,,111.2,,113.7,111.4,,,101.1,110.6,
Croatia,2009,84.5,89.2,,109,104.2,,99.4,,92.7,99.4,,,83.6,100.4,
Croatia,2010,89.3,87.4,,116,104.4,,97.3,,82.6,90.3,,,90.3,99,
Croatia,2011,87.6,81.2,,107.9,106,,97.2,,79.5,85.8,,,91.2,97.8,
Croatia,2012,68.5,81.8,,105.8,103.7,,92,,70.9,72.6,,,79.5,92.4,
Croatia,2013,79.1,78.3,,116.9,100.8,,88.4,,65.3,70.7,,,77.3,90.7,
Croatia,2014,85.9,78.8,,110.8,100.9,,91.1,,66.3,66.2,,,85.6,91.8,
Cuba,2007,98.2,101.9,115.1,,110.4,,106.3,,178.7,108.7,,,84.9,,
Cuba,2008,95.6,186.1,115.6,,115.1,,106.6,,303.8,96.8,,,105,,
Cuba,2009,100.4,91.4,115.9,,108.3,,99.2,,66.6,98.2,,,96.7,,
Cuba,2010,99.6,104.6,101.6,,109.3,,101.6,,118.5,112.8,,,93.6,,
Cyprus,2007,,115.2,,110.1,96.1,,104.2,,119.8,106.8,,,87.6,105.6,108.7
Cyprus,2008,,125.8,,114.9,98.3,,108.7,,125.9,115.8,,,75.9,109.1,84.1
Cyprus,2009,,115.5,,118.1,94.1,,96.2,,108.2,94.2,,,59.5,100.4,104.4
Cyprus,2010,,125.9,,120.5,93.4,,93.1,,104.1,103.4,,,53.5,99.7,126.5
Cyprus,2011,,120.2,,111.9,86.5,,85.8,,96.2,95.6,,,48.1,92.6,121.8
Cyprus,2012,,118.4,,107.1,83.1,,76.8,,79.2,63.4,,,40.1,83.3,94.8
Cyprus,2013,,121.4,,97.2,77.8,,66,,60.9,40.6,,,30.3,72.1,89.4
Cyprus,2014,,125,,98.3,77.4,,65.3,,55.7,35.8,,,29.4,72.1,110.8
Czech Republic,2007,97.3,118.4,,104.8,107.6,,123,,137.3,98.9,,,102,119.8,
Czech Republic,2008,101.7,119.4,,100,99,,121.2,,136.4,95.9,,,89.9,117.7,
Czech Republic,2009,73.8,105.8,,96.1,93.3,,102.7,,111.5,95,,,77.3,101.6,
Czech Republic,2010,89.8,112.6,,100.5,90.7,,113,,133.4,94.4,,,78.5,110.4,
Czech Republic,2011,95,114.8,,99,89.2,,121.5,,150.7,95.4,,,80.3,116.9,
Czech Republic,2012,87.3,114.2,,98.5,87.5,,120.8,,151.4,91.4,,,77.8,115.9,
Czech Republic,2013,85.7,114.5,,97,87.2,,121.6,,152.8,81,,,76.7,115.8,
Czech Republic,2014,88.7,121.5,,94.1,90.1,,129.7,,167.2,78.7,,,78.8,121.6,
Côte d'Ivoire,2007,,,98.8,,,,93.1,,,201.2,,,,101.3,
Côte d'Ivoire,2008,,,101.7,,,,95.5,,,188.1,,,,102.2,
Côte d'Ivoire,2009,,,,,,,97.7,,,,,,,106.3,
Côte d'Ivoire,2010,,,,,,,99.4,,,,,,,103.3,
Côte d'Ivoire,2011,,,108.4,,,,89.6,,,144.9,,,,95.7,
Côte d'Ivoire,2012,,,,,,,,,,,,,,128.5,
Côte d'Ivoire,2013,,,,,,,,,,,,,,134.6,
Côte d'Ivoire,2014,,,,,,,,,,,,,,139.8,
Denmark,2007,112.9,98.7,,98.1,100.4,,105.9,,115.9,83.9,,,90.4,100.7,
Denmark,2008,112.6,96.2,,89.6,99.7,,105.1,,118,81.7,,,77.2,99,
Denmark,2009,70.4,83.8,,88.3,92.2,,86.9,,91.2,74.3,,,67.3,84.3,
Denmark,2010,79.6,87.5,,96.5,93.8,,89.5,,93.8,70.6,,,69.1,86,
Denmark,2011,85.2,92.3,,90.7,91.8,,93.8,,101.8,65.5,,,71.5,87.5,
Denmark,2012,76.2,100.8,,85.9,89.6,,95.6,,102.8,61.8,,,58.8,87.7,
Denmark,2013,81.4,104.2,,98.9,91.5,,98,,101.6,51.1,,,52.6,88,
Denmark,2014,86.3,109.5,,94.9,90.5,,101.1,,104.4,45.7,,,51.7,88.8,
Dominican Republic,2007,,,116.7,,,,105.7,,,109.4,,,,106.4,
Dominican Republic,2008,,,128.7,,,,108.5,,,76.3,,,,108.6,
Dominican Republic,2009,,,132.6,,,,107.2,,,36.7,,,,106.5,
Dominican Republic,2010,,,139.8,,,,114.9,,,37.7,,,,114,
Dominican Republic,2011,,,134.7,,,,122,,,67.8,,,,121.1,
Dominican Republic,2012,,,144.5,,,,123.1,,,96.3,,,,123.4,
Dominican Republic,2013,,,146.2,,,,124.1,,,247.1,,,,128.7,
Ecuador,2007,113.6,114.6,,,123.5,,119.8,,139.3,,,,108.3,,
Ecuador,2008,114.5,99.3,,,124.4,,124.8,,167.4,,,,107.9,,
Ecuador,2009,99.2,100.1,,,123.4,,122.6,,152.3,,,,104.4,,
Ecuador,2010,117.3,92.5,,,130.8,,132.5,,186.5,,,,116.6,,
Ecuador,2011,123.3,95.7,,,139.7,,139.5,,190.4,,,,134.5,,
Ecuador,2012,132.9,102.7,,,149.9,,147,,187.1,,,,134.9,,
Ecuador,2013,148,123.7,,,153.8,,154,,175,,,,125.9,,
Ecuador,2014,154.3,112.1,,,165.8,,155.9,,162.1,,,,116.3,,
Egypt,2007,135.3,164.9,114.9,,114.6,,125.4,,121,,,,116.9,,
Egypt,2008,110.2,172.2,123.6,,119.9,,129.6,,165.6,,,,138.3,,
Egypt,2009,118.4,122.5,129.7,,110.7,,129,,157.8,,,,135.4,,
Egypt,2010,102.5,144.3,141.2,,127.8,,134.1,,164.8,,,,144.6,,
Egypt,2011,84.2,151.9,143.9,,127.7,,133.4,,133.1,,,,151.6,,
Egypt,2012,96.5,156.4,160,,137.2,,134.6,,165.7,,,,132.5,,
Egypt,2013,,,160.4,,,,133.9,,,,,,,,
Egypt,2014,,,,,,,148.3,,,,,,,,
El Salvador,2007,,109.2,109.1,,107.3,,104.7,,101.8,102.2,,,105.4,104.8,
El Salvador,2008,,111.6,114.2,,109,,107.2,,105.1,95.3,,,108.5,107.1,
El Salvador,2009,,102,112.4,,107.8,,104,,102.6,80.6,,,108.2,103.7,
El Salvador,2010,,100.9,115,,109.8,,106,,105.1,71.3,,,113.4,105.6,
El Salvador,2011,,105.6,117.2,,112.7,,108.9,,106.7,80.9,,,119.1,108.6,
El Salvador,2012,,101.9,119.7,,117.4,,110.3,,107.1,83.4,,,122.5,110,
El Salvador,2013,,96,121.4,,122.5,,113.7,,110.5,84.4,,,127.6,113.3,
El Salvador,2014,,101.2,124.5,,126.8,,116.6,,108.6,81.6,,,136,116.2,
Estonia,2007,163.2,124.5,,111.5,108.4,,117.1,,132.6,120.8,,,99,117,
Estonia,2008,142.4,124.7,,98.7,102.3,,111.9,,141.3,111.3,,,89.9,110.9,
Estonia,2009,74.9,80.3,,86.7,93.4,,83.4,,101.9,99.8,,,68.9,84.4,
Estonia,2010,111.9,94.4,,114.3,91.8,,102.7,,162.7,113,,,74.1,104.2,
Estonia,2011,107,109.3,,111.4,95.1,,125.9,,248.8,122.6,,,84.5,124.9,
Estonia,2012,94.6,110.1,,108,96.6,,128,,253.1,117.4,,,87.2,126.3,
Estonia,2013,98.5,113.8,,113.7,100.5,,132.9,,261.6,130.3,,,85.3,131.5,
Estonia,2014,119,111.3,,106.9,105.8,,137.7,,275.7,124.2,,,87.5,134,
Ethiopia,2007,,,123.6,,,,119.8,,,90.6,,,,116.1,
Ethiopia,2008,,,129.6,,,,132.2,,,110.1,,,,128.2,
Ethiopia,2009,,,136.1,,,,144.2,,,124.1,,,,139.4,
Ethiopia,2010,,,139.5,,,,160.9,,,178.9,,,,159.2,
Ethiopia,2011,,,148.4,,,,189.7,,,282.2,,,,195.2,
Ethiopia,2012,,,171.2,,,,212.1,,,318.1,,,,219.8,
Ethiopia,2013,,,189.7,,,,234.9,,,339.6,,,,241.5,
Fiji,2007,105.8,97.7,114.4,,105.8,,103.3,,98.6,26.4,,,98,102.1,
Fiji,2008,110.6,91.1,107,,104.1,,98.1,,86.7,53.9,,,89.1,97.8,
Fiji,2009,87.7,99.4,106.5,,95.2,,94.9,,96.7,34.9,,,92.2,94.6,
Fiji,2010,86.6,111.1,112.6,,100.7,,102.9,,97.3,59.6,,,95.3,101.1,
Fiji,2011,97.1,105,118.6,,103.8,,106.6,,98.1,58.8,,,120.5,104.4,
Finland,2007,94.9,,,114.4,101.2,,115,,118.9,99.6,,,99.4,114.6,101
Finland,2008,90.8,,,105.3,101.4,,117.2,,122.5,101.8,,,92.1,115.5,104.1
Finland,2009,70.2,,,104.7,98,,93.4,,88.7,90.1,,,76.5,94.6,77.2
Finland,2010,91.1,,,116.6,101.2,,98,,90.3,93.6,,,85.3,100,79.7
Finland,2011,94.7,,,106.2,101.7,,101,,98,99.6,,,86.3,101.6,82
Finland,2012,89.7,,,101.3,100.7,,99.1,,98.3,92.2,,,80.8,99.5,82.3
Finland,2013,88.6,,,102.4,100.6,,95.4,,94.2,96.2,,,75.4,96.5,79.4
Finland,2014,94.2,,,97.6,97.5,,93.8,,92.5,94.4,,,85.5,94.5,78.5
France,2007,102.3,102.7,,98.5,101.5,,102.6,,104.1,105.1,,,81.8,102.1,97.8
France,2008,97.5,99.3,,100.9,101.3,,98.9,,100,102.8,,,69.3,99.2,98.6
France,2009,68.9,90,,97.1,99.6,,82.8,,78.1,89.8,,,54.3,85.2,101.5
France,2010,78.9,92.9,,103.7,101.9,,87.2,,83.9,88.7,,,55.6,89.7,99.3
France,2011,80.9,95.1,,97.4,104.6,,90.5,,88.3,89,,,56.3,91.7,101.9
France,2012,74.2,93,,99.1,103.9,,87.4,,84.8,85.8,,,55.9,89.4,107.6
France,2013,73.1,92.9,,100.5,101.8,,86.2,,84.1,85.4,,,53.6,88.6,110.7
France,2014,74.6,92.7,,94.2,101.4,,85.9,,84.1,81.9,,,54,87.4,108.2
Gabon,2007,,117.7,111.5,,117.3,,112.4,,,,,,,112,
Gabon,2008,,122,118.7,,124.8,,120.3,,,,,,,119.5,
Gabon,2009,,,,,,,,,,,,,,114,
Gabon,2010,,,,,,,,,,,,,,117,
Gabon,2011,,,,,,,,,,,,,,126.1,
Georgia,2007,,,109.3,,,,146,,,108.4,,,,140.9,
Georgia,2008,,,110.7,,,,136.5,,,119.3,,,,133.2,
Georgia,2009,,,109.2,,,,119,,,116.2,,,,117.9,
Georgia,2010,,,108.9,,,,141.1,,,121.3,,,,137,
Georgia,2011,,,116.6,,,,177.8,,,111.2,,,,169.1,
Georgia,2012,,,118.6,,,,188.7,,,118.5,,,,179,
Georgia,2013,,,126.9,,,,188.2,,,117.8,,,,179.5,
Georgia,2014,,,124.5,,,,194.5,,,119.7,,,,184.7,
Germany,2007,111.8,108.7,,97.8,103.1,,112.3,,116.5,124,,,94.3,111.4,
Germany,2008,110.5,106.9,,96.3,101.8,,113.5,,119.1,110.2,,,86.7,112.1,
Germany,2009,80.5,95.5,,91.6,100.7,,93.9,,92.6,92.8,,,73.4,93.6,
Germany,2010,97.5,106,,95.6,102,,105.2,,107.2,85.4,,,79.2,104.2,
Germany,2011,102,109.4,,90.6,103,,114.1,,120.7,85.6,,,80.4,111.5,
Germany,2012,98.2,107,,93.4,102.6,,112.8,,120.1,80.5,,,73.8,110.6,
Germany,2013,97.7,108.7,,93.7,102.3,,112.7,,119.8,71.2,,,72.9,110.5,
Germany,2014,100.4,109.5,,89.5,102.5,,114.9,,123.1,70.1,,,76.6,112,
Greece,2007,107.5,109.5,,101.8,104.3,,104.2,,104,96.8,,,96.3,103.2,103.8
Greece,2008,100.7,105.9,,98.9,104.2,,99.3,,98.3,92.5,,,79.2,99,106.3
Greece,2009,82.5,102.4,,94.7,101,,88.3,,77.6,81.6,,,59.8,89.7,103
Greece,2010,92.5,104.8,,86,95.3,,83.8,,69.8,76.3,,,45.5,84.5,103.7
Greece,2011,98.9,95.4,,89.5,92.1,,76.2,,61.2,74.9,,,37.8,79.7,101.7
Greece,2012,94.1,103,,91.1,89.1,,73.6,,55.4,74.2,,,32.8,78.1,102.8
Greece,2013,89.5,107,,84.8,86.4,,72.7,,52.6,65.6,,,30.3,75.6,100.2
Greece,2014,94.2,111.1,,73.2,88.1,,74.1,,49.5,65.4,,,27.7,74.2,99.7
Guatemala,2007,,107.3,109.4,,106.8,,106.9,,112.5,133.9,,,102.8,,
Guatemala,2008,,110.9,111.2,,109.9,,109,,111.9,128.2,,,102.7,,
Guatemala,2009,,112.4,111.9,,111.8,,108,,111,132.4,,,93.2,,
Guatemala,2010,,117.4,117.6,,115.3,,111.7,,112.2,137.1,,,97.8,,
Guatemala,2011,,124.6,124.2,,118.4,,115,,117.3,162.4,,,96.7,,
Guatemala,2012,,128.4,132.1,,124.7,,118.8,,118.1,131.1,,,94.5,,
Guatemala,2013,,131.2,139,,130.3,,123,,118,135.7,,,98.1,,
Guatemala,2014,,134.7,145.9,,136.2,,126.9,,122.2,199,,,100,,
Haiti,2007,114.4,114,74.6,,97.5,,105.3,,,,,,101.2,,
Haiti,2008,120.4,100.8,77.7,,101.7,,107.5,,,,,,103.7,,
Haiti,2009,127.2,99.2,116.2,,116,,119.2,,,,,,118,,
Haiti,2010,92.7,92.1,104.6,,85.6,,103.8,,,,,,116.4,,
Haiti,2011,132.6,108.2,152.7,,106.8,,133.7,,,,,,150.9,,
Haiti,2012,145.1,108.4,177.2,,116.5,,138.9,,,,,,152.1,,
Haiti,2013,149.1,122.4,170,,131.2,,151.1,,,,,,160,,
Haiti,2014,162.6,130.6,165.5,,149,,161.6,,,,,,159.6,,
Honduras,2007,109.8,105.4,115.2,,108.2,,105,,153.6,122.7,,,91.8,106.4,
Honduras,2008,115.4,98,119.3,,111.3,,107.5,,144.1,137.2,,,99.3,109.4,
Honduras,2009,89.5,96.2,122.8,,112.8,,98.7,,95.1,115.5,,,85.9,101.6,
Honduras,2010,77.6,98.2,125,,113.4,,111.5,,118.5,106,,,118.5,112.7,
Honduras,2011,93.9,95.2,129.1,,122.7,,123.4,,135.9,104.2,,,134.1,123.5,
Honduras,2012,100.8,95.9,134.8,,133.8,,127.8,,149.1,105.8,,,133.4,127.9,
Honduras,2013,105.9,95.9,137.4,,133.7,,128,,179.2,102.4,,,132.4,128.3,
Honduras,2014,97.7,93.8,136.7,,137.2,,129.8,,163.2,98.5,,,137,129.7,
Hungary,2007,107.6,111.2,,104.1,98.8,,120.2,,128.7,95.1,,,103.5,118.6,
Hungary,2008,103.2,111.2,,109.1,91.9,,119.4,,129.8,128.8,,,91.6,118.6,
Hungary,2009,54.1,98.5,,96.4,88.8,,97.5,,101.6,115.4,,,70.3,97.6,
Hungary,2010,65,107.4,,97.4,88.3,,109.1,,117.5,90.1,,,68.1,107.9,
Hungary,2011,70.4,114.2,,95.8,90.9,,115.7,,127.9,99.2,,,84.6,113.9,
Hungary,2012,66.2,113.6,,92.5,95.1,,113.7,,125.5,106.6,,,81.3,111.9,
Hungary,2013,68.5,109,,88.2,94.4,,115.4,,129.2,98.6,,,79.5,113.1,
Hungary,2014,70.8,112.6,,84,98.7,,125.4,,143.2,98.5,,,91.5,121.8,
India,2007,135.2,118.2,114,,124.8,,136.1,,183.9,110,,,118.5,130.5,
India,2008,137.5,118.5,117.2,,116.6,,139.4,,204.8,112.8,,,112.5,133.7,
India,2009,140.5,122.4,124.3,,115.1,,146.2,,220.1,121.7,,,118,140.8,
India,2010,152.9,124.7,131.2,,122.3,,159.3,,257.5,128.2,,,125.3,152.4,
India,2011,166.2,126.3,141.9,,139.4,,164.1,,255.5,125.6,,,122.4,156.8,
India,2012,169.4,133,147.6,,142.8,,166.2,,251.6,122.7,,,130.8,158.6,
India,2013,169.9,141.3,156.6,,141.6,,164.9,,235.2,121.9,,,140.2,158.4,
India,2014,191.5,142.2,169.8,,147.3,,168.6,,228.6,123.7,,,145.4,162.9,
Indonesia,2007,136.9,139.7,111.7,,116.5,,103.9,,107.9,119.6,,,116.9,,
Indonesia,2008,145.5,134.1,117.3,,125.2,,107,,122.4,137.9,,,111.1,,
Indonesia,2009,137.6,137.9,123.1,,145.9,,108.3,,119.1,128.8,,,105.4,,
Indonesia,2010,142.1,144.4,133.3,,154.1,,113.3,,132.7,167.7,,,107.7,,
Indonesia,2011,155,150.5,144,,160.6,,119.6,,141.9,207.5,,,112.5,,
Indonesia,2012,141.8,162.7,154.8,,169.8,,,,150.2,,,,107.1,,
Iran (Islamic Rep. of),2007,,157.7,,,129.6,,135.4,,119.6,,,,117.4,,
Iran (Islamic Rep. of),2008,,168.4,,,130,,145.9,,134.1,,,,132,,
Iran (Islamic Rep. of),2009,,186.3,,,129.9,,154.5,,142.4,,,,120.7,,
Iran (Islamic Rep. of),2010,,195.1,,,151,,170.1,,160.2,,,,123.7,,
Ireland,2007,120.1,111.6,,104.2,104.2,,109,,114.7,98.7,,,65.5,108.5,
Ireland,2008,122.5,107.6,,108.6,101.1,,106.1,,113.8,92.3,,,61.6,106.1,
Ireland,2009,73.7,122.4,,101.5,97,,101.8,,79.5,80.4,,,52.1,101.4,
Ireland,2010,87,144.4,,105.1,100.2,,110,,66.4,75.1,,,48.7,109,
Ireland,2011,83.6,139.8,,101.8,113.4,,110.1,,61.1,63.7,,,40.7,108.5,
Ireland,2012,78.6,131.5,,99.3,116.3,,108.8,,63.9,57,,,33.7,106.9,
Ireland,2013,90.9,126.5,,93.2,117.3,,106.1,,59.7,81.8,,,36.1,104.5,
Ireland,2014,,175.3,,107.6,130.1,,131.7,,,78.6,,,,128.5,
Israel,2007,106.6,113.2,,,105.1,,115,,118.5,113.9,,,100.3,115,
Israel,2008,99.4,130.9,,,103.8,,123,,122.2,131.8,,,98,123.3,
Israel,2009,82.4,118.6,,,102.3,,115.9,,117,89.1,,,84,115.2,
Israel,2010,93.2,134.3,,,105.2,,125.1,,122.5,165.2,,,86.2,126.1,
Israel,2011,98.8,136.4,,,108.5,,127.9,,128.6,160.4,,,80.6,128.7,
Israel,2012,98.7,142.2,,,109.2,,133.9,,136.5,147,,,76.2,133.9,
Israel,2013,97.4,143.6,,,109.5,,132.5,,133.2,194.2,,,71.6,134.6,
Israel,2014,95.6,141.2,,,109.6,,133.3,,136,214.4,,,73.1,136.2,
Italy,2007,107.2,104.9,,101.8,102.6,,106.2,,109.2,91.9,,,109.1,105.7,
Italy,2008,100.6,100.7,,102.5,102.2,,102.8,,105.4,84.6,,,105.4,102.3,
Italy,2009,70.6,89.4,,93.3,101.1,,82.9,,75,74.3,,,93.7,83.2,
Italy,2010,84.7,93.3,,95.6,103.2,,88.9,,82.9,73.2,,,99.2,89,
Italy,2011,88.7,92.2,,93.6,102.3,,89.5,,85.4,74.7,,,94.3,89.3,
Italy,2012,82.6,87.8,,90.9,101.6,,83.7,,79.4,75.5,,,86.7,84,
Italy,2013,77,87.4,,86.9,100.7,,81.2,,77.3,69.1,,,82.4,81.3,
Italy,2014,78.9,87.4,,82.2,100.8,,80.9,,76.6,67.1,,,81.8,80.5,
Japan,2007,105.5,101.6,,103.9,100.7,,107.4,,111.3,106.6,,,89.9,,
Japan,2008,102.4,96.4,,104.7,101.4,,103.8,,107.2,103.1,,,81.9,,
Japan,2009,73.7,84.3,,97,99.2,,81.1,,76.6,94.7,,,66.9,,
Japan,2010,93.2,91.7,,103.1,99,,93.8,,93.7,91,,,67.2,,
Japan,2011,89.8,89.1,,98.8,96.2,,91.1,,90.3,91,,,67.5,,
Japan,2012,90.4,87.1,,99.2,97.8,,91.7,,91.2,91.9,,,66.6,,
Japan,2013,90.2,87.8,,97.6,98.2,,91,,89.3,87.9,,,63.8,,
Japan,2014,91.9,87.2,,96.1,97.2,,92.8,,92.8,85.9,,,61.9,,
Jordan,2007,88.6,103.7,138,,101.2,,108.8,,165.8,90.5,,,95.2,109.2,
Jordan,2008,84.5,104.3,139.6,,106.4,,109.5,,183.3,100.3,,,105.3,110.6,
Jordan,2009,75.6,105.5,128.3,,125.9,,110.9,,176.5,71.6,,,103.6,108.8,
Jordan,2010,72.7,105.5,121.9,,128.2,,104.8,,137.2,99.9,,,97.8,105.4,
Jordan,2011,79.1,102.9,127.4,,124.9,,102.5,,126.4,116.4,,,129.8,105.1,
Jordan,2012,75.6,102.2,135.6,,128.5,,104,,112,96.7,,,114.9,105.3,
Jordan,2013,67.1,111.7,129.5,,139,,107.4,,116.6,85.5,,,91.8,107,
Jordan,2014,68.6,106.4,131.5,,138.4,,107.1,,115.6,109.8,,,92.9,108.8,
Kazakhstan,2007,,119.2,112.2,,114.5,136.8,116.6,110.9,,109.8,,,83.8,112.6,
Kazakhstan,2008,,126.2,119.5,,113.8,126.7,113.5,109.4,,115.6,,,95.2,114.9,
Kenya,2007,,123.1,114,,121.5,,113.3,,96.7,110.5,,,117.3,,
Kenya,2008,,125.8,116.4,,120.4,,112.7,,86.6,140.3,,,118.5,,
Kenya,2009,,139.8,117.3,,121.8,,118.3,,89.5,120.3,,,135.7,,
Kenya,2010,,151.4,125.8,,128.6,,126.3,,88.4,144.4,,,159.1,,
Kenya,2011,,162,136.3,,129.7,,130.2,,84.1,163.2,,,170.5,,
Kenya,2012,,147.5,141.5,,131.4,,129.1,,82.9,,,,162.8,,
Kuwait,2007,175.5,80.5,48.7,,81.4,,94.7,,151.7,99,,,101.2,95.1,
Kuwait,2008,34,114.6,46.6,,69.9,,110.4,,155.7,102.4,,,92.9,100,
Kuwait,2009,59.4,110.1,59.1,,56.5,,99,,152.5,87.5,,,94,87.3,
Kuwait,2010,69.8,105.6,65.9,,77.2,,98.5,,142.2,88.6,,,91.3,88.6,
Kuwait,2011,116.7,123.8,73.3,,112.8,,115.8,,122.8,102.8,,,89.7,102.8,
Kuwait,2012,136.9,158.9,69.5,,88.4,,138.5,,134,113,,,95.9,113.4,
Kuwait,2013,163.1,179,72.7,,97.1,,157.7,,140.3,112.3,,,98.3,114.5,
Kyrgyzstan,2007,,126.3,116.9,,112.9,81.3,81.5,64.1,,100.3,,,151.5,89.5,
Kyrgyzstan,2008,,132.2,107.2,,114.5,110.8,54.3,101.8,,108.6,,,168,65.6,
Kyrgyzstan,2009,,75.2,110.2,,126.7,92.2,50.4,92.3,,117.2,,,117.4,61.8,
Kyrgyzstan,2010,,91.1,156.1,,123.9,119.2,55.2,98.5,,114.7,,,168.3,69.1,
Kyrgyzstan,2011,,147.1,168.2,,120.9,115.1,61.5,101.9,,145.9,,,251.5,77.8,
Latvia,2007,105.3,122.8,,111.5,104,,106.6,,130.2,123.6,,,107.6,107.6,
Latvia,2008,99.5,123.5,,106.9,103.4,,103,,142.6,120.7,,,94.4,104.2,
Latvia,2009,89.5,107.6,,99.2,90.2,,82.1,,87,98.3,,,56.5,85.3,
Latvia,2010,106.2,115,,107.4,89.7,,95.7,,114.4,111.7,,,67.6,97.9,
Latvia,2011,106.3,114.9,,108.5,90.7,,106.9,,153.7,121.1,,,78.3,106.8,
Latvia,2012,141.5,126.5,,105.4,92.2,,116.8,,172.3,121.5,,,80.9,113.4,
Latvia,2013,62.4,118.6,,100.4,97.5,,116.9,,183.5,125.5,,,82.6,112.3,
Latvia,2014,31.6,131.1,,95.7,99.1,,116.6,,221.6,128.8,,,71.8,111.2,
Lithuania,2007,128.1,100.2,,101.7,128.2,,108.4,,127,97.9,,,102.1,107,101.3
Lithuania,2008,232.2,115.2,,100.4,125.6,,115.2,,117.1,89.8,,,85.2,112.3,101.6
Lithuania,2009,206.5,104,,94.8,114.5,,97.8,,78.9,58.3,,,64.3,96.8,95.9
Lithuania,2010,208.4,113.7,,95.1,113.9,,105.2,,91.2,63.9,,,77.3,102.9,96
Lithuania,2011,265.5,120.5,,82.4,121.9,,115.8,,106.5,70.6,,,93,109.5,95.9
Lithuania,2012,296.2,123.3,,78.5,129.1,,121.6,,120.6,67.3,,,97.2,113.5,95.9
Lithuania,2013,326.9,125.6,,72.9,135.7,,127.3,,129.9,74.5,,,100.3,117.3,96.5
Lithuania,2014,174,121.2,,67.8,140.2,,128.2,,136.9,80.1,,,110.1,117.2,96.6
Luxembourg,2007,,,,103.3,108.6,,102.1,,102,81.1,,,,102,
Luxembourg,2008,,,,97.8,106.1,,97,,99.1,79.6,,,,96.9,
Luxembourg,2009,,,,94.5,107.7,,80.2,,73.9,71,,,,81.3,
Luxembourg,2010,,,,105.6,117,,87.4,,82.3,54.5,,,,88.6,
Luxembourg,2011,,,,96.6,116.4,,89.6,,87.2,60.8,,,,90.1,
Luxembourg,2012,,,,93.9,116,,84.4,,89.4,59.4,,,,85.1,
Luxembourg,2013,,,,85,113,,81.6,,83.9,54.6,,,,81.7,
Luxembourg,2014,,,,86.8,114.2,,86.6,,86.7,54.4,,,,86.4,
Madagascar,2007,,101.6,114.2,,117.7,,123.6,,107.2,117.5,,,121.6,115.8,
Madagascar,2008,,102.7,122.6,,127.1,,134.6,,115.7,126.8,,,133.8,124.5,
Malawi,2007,,84.3,110.2,,281.4,,112.5,,160.3,,,,75,,
Malawi,2008,,80.4,114.1,,327.5,,78.5,,222.7,,,,64.1,,
Malawi,2009,,78.3,118.9,,386.7,,151.1,,292.4,,,,57.9,,
Malaysia,2007,122.9,111.8,109.2,,110.6,,111.5,,111.8,98.3,,,100.3,107.3,
Malaysia,2008,119.4,113.2,110.5,,120.5,,112.2,,111.3,99.1,,,100.3,108.1,
Malaysia,2009,91.6,111.5,111.4,,121.2,,101,,90.8,95.5,,,80.4,99.9,
Malaysia,2010,110.9,118,121.2,,127,,112.2,,106.6,94,,,83.8,107.1,
Malaysia,2011,112.4,127.4,123.6,,136.4,,117.3,,106.1,87.1,,,92.5,108.4,
Malaysia,2012,105.9,135.2,130,,141.5,,123.1,,112.1,89.3,,,85.7,113.1,
Malaysia,2013,111.2,138.3,135,,143.6,,126.2,,119.7,90.4,,,88.1,115.8,
Mali,2007,96.3,130.8,105.5,,117.5,,106.1,,,83.1,,,91.9,86.1,
Mali,2008,83.7,163.3,125.9,,62.7,,91.7,,,79,,,92.3,75.9,
Mali,2009,95.2,146.5,133,,174.4,,124.1,,,69.1,,,110.1,81,
Mali,2010,94.2,110.1,146.4,,187,,118.7,,,51.9,,,110.9,73.9,
Mali,2011,112.6,120.4,157.6,,243.3,,141.4,,,49.9,,,89.4,82.2,
Mali,2012,,,,,,,,,,,,,,83.6,
Mali,2013,,,,,,,,,,,,,,86,
Mali,2014,,,,,,,,,,,,,,91,
Malta,2007,,157.6,,102.5,111.8,,116.3,,124.3,109.9,,,58.7,115.1,99.3
Malta,2008,,138.2,,101.6,115.6,,111.3,,119.6,66.1,,,55,110.3,99.2
Malta,2009,,125.8,,96.7,108.5,,94.4,,100.4,63.8,,,43.3,94.4,94.1
Malta,2010,,150.3,,94.3,98.5,,103.6,,126.2,48.8,,,46.7,102.5,92.7
Malta,2011,,137.8,,96.8,96.7,,103.1,,129.4,43.9,,,56.4,102.5,95.5
Malta,2012,,153.2,,101.3,92.2,,108.8,,139.9,56.9,,,55.3,108.1,99.3
Malta,2013,,130.2,,98.9,99,,103,,137.5,60.4,,,51.2,103,98.2
Malta,2014,,111.3,,96.9,109.5,,96.4,,121.7,47.4,,,45.6,97.1,97.8
Mauritius,2007,94.1,115.9,107.5,,98.1,,105.3,,132.5,99.1,,,108.9,105.6,
Mauritius,2008,99.1,125.9,114.1,,105.6,,108.7,,144.6,121.1,,,109.3,109.2,
Mauritius,2009,84.4,126.3,114.2,,111.1,,111.3,,162.7,106.3,,,109.5,111.7,
Mauritius,2010,88.5,128.9,118.6,,115.3,,113.6,,136.7,105.7,,,109.2,112.1,
Mauritius,2011,69.5,138.1,123.3,,112.1,,116.1,,147.5,100.8,,,116.9,116.9,
Mexico,2007,98.3,103.4,,121.2,104.9,,105.5,,110.8,97.8,,,98.8,103.8,107.7
Mexico,2008,97.2,101,,124.8,106.4,,104.5,,108.9,94.2,,,96.3,102,99
Mexico,2009,81.2,98,,125.5,106.2,,95.8,,87.7,90.4,,,89.8,95.6,105.6
Mexico,2010,91.4,99.8,,131.8,107.8,,104,,112.2,91.1,,,95.3,101.1,107
Mexico,2011,95.2,100.6,,142.3,110.7,,108.7,,124.8,90.8,,,94.1,104.4,107.1
Mexico,2012,97.3,102.4,,145.6,113.6,,113.2,,135.1,91.6,,,95.2,107.4,108.8
Mexico,2013,97.2,104.2,,146.3,114,,114.3,,138.5,91.4,,,98,108.3,109.2
Mexico,2014,106.4,104.3,,149.1,116,,118.6,,149.1,89.4,,,96.1,110.3,110.3
Mongolia,2007,184.9,89,102,,140.8,,127.7,,,108.8,,,114,112.4,
Mongolia,2008,97.1,203.4,108.4,,117.9,,119.7,,,100,,,94.7,106.2,
Mongolia,2009,57.2,166.1,110.3,,141.6,,113.4,,,100,,,73.1,105.1,
Mongolia,2010,80.8,264.8,116.2,,185.4,,136,,,165.6,,,58.6,155.3,
Mongolia,2011,73.7,460.6,122.7,,204.7,,151.4,,,143,,,69.5,143.8,
Mongolia,2012,78.7,643.3,127.8,,229.5,,169.6,,,145.9,,,61.9,150,
Mongolia,2013,84.6,459.8,133.6,,254,,175.9,,,168.9,,,73,167.7,
Mongolia,2014,91.2,358.3,141,,256.6,,181.9,,,187.6,,,77.2,182.7,
Montenegro,2007,113.5,94.6,,74.8,102.5,,109.4,,203.3,104.4,,,108.9,101,
Montenegro,2008,100.6,61.7,,98.7,124.5,,97.1,,178.8,123,,,87.7,99.1,
Montenegro,2009,46.2,87,,96.4,110.4,,59.5,,180,42.4,,,12,67.1,
Montenegro,2010,39.8,94.9,,145.6,100.5,,57.8,,262.3,67.2,,,10.5,78.9,
Montenegro,2011,45,72.8,,98,97.9,,61.7,,340.7,71.5,,,12,70.7,
Montenegro,2012,34.2,104.5,,99.3,96.9,,55.5,,365.7,56.6,,,8.5,65.5,
Montenegro,2013,21.4,109.1,,137.7,102.9,,52.7,,347.9,55.7,,,6,72.8,
Montenegro,2014,18.1,85.8,,110.8,103.1,,49.2,,382,63.8,,,6.1,64.5,
Morocco,2007,112.8,106.1,100.1,,100.4,,110,,125.6,112.8,,,103.1,,
Morocco,2008,104.7,110.5,103.1,,105.2,,112.3,,129.4,110.7,,,102.1,,
Morocco,2009,108.2,107.9,106.1,,106.2,,112.6,,129.1,96.3,,,101.5,,
Morocco,2010,101.3,113.2,117.6,,106.4,,114.8,,133.5,111.5,,,104.9,,
Morocco,2011,104.8,119.5,125,,111.6,,118.7,,135.6,117.3,,,103.8,,
Morocco,2012,107.6,120.6,136.5,,117,,120,,136.6,113.5,,,106.2,,
Morocco,2013,106,122.1,137.6,,119.8,,120.3,,142.2,111.4,,,103.2,,
Morocco,2014,,,142.3,,,,121.3,,,115.1,,,,,
Namibia,2007,,,110.3,,,,111.5,,,128.3,,,,117.2,
Namibia,2008,,,108.5,,,,113.8,,,124.6,,,,117,
Namibia,2009,,,109.1,,,,120.5,,,72,,,,102.3,
Namibia,2010,,,111.8,,,,129.3,,,95.6,,,,115.7,
Namibia,2011,,,115.3,,,,136.7,,,90.4,,,,116.6,
Namibia,2012,,,135.8,,,,127.3,,,113.1,,,,125.5,
Namibia,2013,,,134.8,,,,129.8,,,113.7,,,,126.9,
Netherlands,2007,109.7,110.1,,95.4,105.1,,109.7,,114.7,97.4,,,109.8,106.2,93.2
Netherlands,2008,109.8,106.3,,99,102.9,,108.1,,113.8,105.3,,,106.8,106.9,92.4
Netherlands,2009,84.1,104,,98.8,102.6,,98.8,,91.8,97.7,,,92.7,99.3,93.2
Netherlands,2010,109.9,108.1,,104.8,104.6,,105.7,,106.3,109.1,,,104.8,106.7,97.8
Netherlands,2011,107.7,108.1,,91.7,106.4,,109.2,,115.3,100.2,,,107.6,106.2,97.8
Netherlands,2012,109.2,111.2,,91.4,103.8,,108.5,,112.1,99.6,,,104.7,105.7,99.5
Netherlands,2013,111.2,108,,91.4,106.8,,107.3,,110.1,106.4,,,105.2,106.2,98
Netherlands,2014,117.3,109.1,,87.2,103.9,,108.5,,113.4,88.9,,,107.2,103.2,98.4
New Zealand,2007,,96,,107,99.6,,97.5,,95.9,103.3,,,100.8,99.4,
New Zealand,2008,,95.3,,106.2,101.1,,98.7,,100.8,162.5,,,98.5,104,
New Zealand,2009,,89,,106.9,98.4,,90.9,,89.3,162,,,93.8,98.2,
New Zealand,2010,,85.7,,112.1,96.2,,86.4,,82.1,165.2,,,82.9,95.9,
New Zealand,2011,,90.7,,115.3,93.6,,88,,86.9,158.9,,,85.1,97.2,
New Zealand,2012,,90,,112.7,95.9,,88,,87.7,137.1,,,74.5,95,
New Zealand,2013,,91.1,,112.1,99.7,,88.8,,85.9,141.6,,,80.9,95.8,
New Zealand,2014,,91.7,,112.2,100.6,,90.1,,86.6,143.5,,,78.7,97,
Nicaragua,2007,,95.1,87.8,,116.1,,110.8,,139.8,93.8,,,102.2,,
Nicaragua,2008,,93,146.7,,117.4,,107.8,,155.1,96.2,,,85,,
Nicaragua,2009,,94.9,137.2,,121.9,,109,,148.6,78.9,,,72.3,,
Nicaragua,2010,,82.1,158.7,,132,,117.8,,157.7,131,,,88.7,,
Nicaragua,2011,,89.8,168.7,,141.1,,125.1,,159.9,168.7,,,87.7,,
Nicaragua,2012,,106.8,181.8,,145.1,,128.8,,152.2,184.8,,,93.1,,
Nicaragua,2013,,123.4,188.2,,144.4,,128.7,,144,225.3,,,89.1,,
Nicaragua,2014,,249.5,191.6,,160.2,,149.6,,172.3,224.1,,,92.1,,
Norway,2007,104.7,104.5,,99.6,103.2,,111.2,,123.4,91.2,,,104.3,96.7,
Norway,2008,102.2,105.5,,103.7,104.4,,114.8,,137.3,90.5,,,87.5,97.1,
Norway,2009,80.8,94.9,,95.9,105.3,,107.7,,134.4,87.9,,,74.7,93.3,
Norway,2010,93.5,114.4,,91,104.9,,110.5,,131.4,80.3,,,64.4,88.1,
Norway,2011,86.3,112,,93.7,102.3,,112.1,,138.6,74,,,66.6,83.7,
Norway,2012,82.5,104.4,,108.6,105.8,,114.6,,149.9,73.9,,,63.1,85.2,
Norway,2013,78.5,98.5,,99.1,104.7,,118.3,,164.4,71.1,,,61.3,82.9,
Norway,2014,81.5,99.4,,104.9,107.5,,122.3,,175.3,72.2,,,62.3,84.7,
Oman,2007,,,126.9,,,,128,,,138.7,,,,128.2,
Oman,2008,,,142.8,,,,136.6,,,193.8,,,,138.4,
Oman,2009,,,159.1,,,,152.3,,,238.4,,,,154.8,
Oman,2010,,,176,,,,162,,,256.9,,,,165.4,
Oman,2011,,,200.3,,,,164.1,,,242.6,,,,169.2,
Oman,2012,,,225.5,,,,167.1,,,246.5,,,,174.2,
Oman,2013,,,237.8,,,,171.2,,,265.5,,,,179.4,
Oman,2014,,,266.1,,,,169.6,,,293.6,,,,181.2,
Pakistan,2007,,100.4,105.3,,102.8,,116.1,,,105.4,,,117.3,,
Pakistan,2008,,102,99.3,,103.7,,109.1,,,100,,,120,,
Pakistan,2009,,105.7,99.1,,97.7,,109.5,,,104.2,,,107.2,,
Pakistan,2010,,96.3,92.8,,99,,111.1,,,103.7,,,105.9,,
Pakistan,2011,,96.4,93.7,,100,,112.4,,,109.5,,,106.6,,
Pakistan,2012,,92.5,90.6,,108.5,,117,,,110.3,,,110.8,,
Pakistan,2013,,107.8,109,,111.6,,121.7,,,113.1,,,111.5,,
Pakistan,2014,,,108.5,,,,,,,114.2,,,,,
Panama,2007,101.3,105.8,111.5,,108.5,,111,,104.7,144.9,,,95.8,,
Panama,2008,99.3,106.6,115.8,,111.4,,116.7,,92.5,189.9,,,98.9,,
Panama,2009,92,101.3,124.5,,113.3,,114.3,,98.3,199,,,96.2,,
Panama,2010,91.9,106.1,132.6,,112.8,,114.1,,98.9,213.1,,,94.8,,
Panama,2011,91.4,105.6,139.5,,115.5,,118,,99.1,252.6,,,98.9,,
Panama,2012,83.2,103.9,161.8,,118.6,,124.7,,98.6,325.2,,,101.4,,
Panama,2013,88.3,103.7,166.2,,120.4,,124.2,,97.5,427.1,,,100.3,,
Panama,2014,88.7,103.1,167.8,,123.6,,125,,98.5,480.6,,,106,,
Paraguay,2007,100.7,66.1,105.5,,103.3,144,,,,,101.3,,104.2,103.5,
Paraguay,2008,101.9,68.5,115.4,,105.5,158.4,,,,,103.3,,92.2,109.7,
Paraguay,2009,97.2,73.1,111.1,,108.6,141.6,,,,,102.5,,88.2,107,
Paraguay,2010,97.2,78.1,111.2,,112.1,157.2,,,,,108.9,,90.3,110.1,
Paraguay,2011,91,84.8,119.2,,117.6,163.9,,,,,107.3,,90.6,113.6,
Paraguay,2012,81.4,89.1,125.3,,126.4,161.5,,,,,112.2,,94.9,119.1,
Paraguay,2013,75.8,95.7,126.8,,131,156,,,,,121.2,,107.9,124.1,
Paraguay,2014,,,118.7,,,,,,,,131.3,,,124.5,
Peru,2007,97.2,120.9,116,,118.8,,119.5,,146.7,104.1,,,104.2,114.9,
Peru,2008,106.4,129.8,125,,129.7,,130.4,,176.7,112.1,,,96.1,124.8,
Peru,2009,88.1,134.1,126.5,,129.6,,120.9,,155.3,112.8,,,72.9,119.1,
Peru,2010,85.2,147.5,136.3,,134.8,,137.4,,206.4,112.6,,,99.4,130.5,
Peru,2011,89.2,151,146.4,,149.5,,145.1,,222.4,112.4,,,103.8,136.2,
Peru,2012,88.3,153.8,154,,150,,147,,239.6,114.8,,,92.2,138.7,
Peru,2013,100.6,158.6,162.6,,150.9,,149.6,,257.4,118.1,,,78.9,142,
Philippines,2007,111.1,93.3,104.1,,93.4,,86,,73.7,120.7,,,67.8,,
Philippines,2008,101.6,89.3,103.6,,97.5,,86.2,,67.2,119.4,,,73.5,,
Philippines,2009,91.7,73.1,103.9,,88.5,,76,,63.3,144.4,,,48.6,,
Philippines,2010,114.1,90.3,113.9,,91.4,,93.6,,84.7,173.7,,,43.9,,
Philippines,2011,103,98.3,115.7,,84.5,,94.6,,79.5,184.4,,,42.6,,
Philippines,2012,93.6,94.3,122.1,,93.3,,101.9,,90.9,173.3,,,65.5,,
Philippines,2013,130.5,128.2,125.8,,93.9,,116.1,,85.7,169.1,,,56.7,,
Poland,2007,123.9,121.1,,102.6,115,,126.7,,143.3,97.8,,,115.1,122.5,109.6
Poland,2008,117.6,124.2,,102,114.5,,130.6,,154.4,98.6,,,107.6,125.8,115.1
Poland,2009,89,120.9,,96.9,121.4,,126.2,,148.8,85.7,,,98.5,121,116.9
Poland,2010,107.7,132.8,,97.4,126.6,,142,,169.3,87.3,,,102.7,134.4,125.6
Poland,2011,120.6,144.3,,99.3,133.6,,154.2,,183.1,89.1,,,113.6,144.6,134
Poland,2012,117.7,146.6,,99.6,139,,156.2,,187.6,85.1,,,117.7,146,133.9
Poland,2013,113.9,149.1,,99.1,142.1,,159.8,,190.9,88.3,,,122.7,149.2,139.7
Poland,2014,121.1,152.9,,95,142.3,,167.1,,204.2,82.9,,,129,154.2,143.8
Portugal,2007,114,104.2,,98.4,108.4,,104,,108.8,100.5,,,94.7,103,
Portugal,2008,117.6,98.6,,91.3,105.8,,99.9,,107.2,105.9,,,86.8,98.8,
Portugal,2009,126.7,90.9,,95.6,109.8,,89.8,,83.5,84.7,,,78.3,90.6,
Portugal,2010,145.2,99.3,,96.2,110.7,,91.7,,82,78.9,,,79.3,92.1,
Portugal,2011,147.7,95.5,,94.9,108,,90.6,,80.6,75,,,76.7,90.9,
Portugal,2012,141.7,92,,73.1,106.4,,88.9,,78.6,58.2,,,77.5,85.7,
Portugal,2013,145,,,73.3,,,90,,77.8,50.9,,,82.5,86.3,
Portugal,2014,150.3,,,76.3,,,91.4,,78.6,45.7,,,85.1,87.6,
Qatar,2007,,,113.8,,,,111.8,,,127.1,,,,124.1,
Qatar,2008,,,127.8,,,,132.9,,,143.9,,,,141.6,
Qatar,2009,,,127.3,,,,151.2,,,150.4,,,,150.1,
Qatar,2010,,,144.4,,,,177.7,,,193.9,,,,190,
Qatar,2011,,,155.8,,,,195.6,,,224.1,,,,217.7,
Qatar,2012,,,172.2,,,,217.2,,,227.1,,,,224.3,
Qatar,2013,,,183.1,,,,229.4,,,227.3,,,,226.8,
Qatar,2014,,,202.6,,,,238.8,,,224.1,,,,226.3,
Republic of Korea,2007,108.4,110.4,,108.8,102.9,,116.4,,123,91.5,,,105.8,116,
Republic of Korea,2008,110.1,111.1,,114.4,102.3,,120.3,,129.8,82.4,,,103.9,119.8,
Republic of Korea,2009,99.8,112.1,,116.5,100.7,,120,,131.4,87.9,,,98.7,119.6,
Republic of Korea,2010,119.8,120.8,,127.6,105.7,,140.1,,159.6,81.6,,,105.8,139.3,
Republic of Korea,2011,127.2,125.2,,133.5,108.1,,148.5,,172.5,85.2,,,106.9,147.6,
Republic of Korea,2012,127.9,128.3,,136.1,110.6,,150.6,,175.4,81.4,,,104.2,149.6,
Republic of Korea,2013,126.9,131.2,,136.2,110.2,,151.5,,177.9,84.7,,,102.6,150.6,
Republic of Korea,2014,131.6,132.9,,137.2,111.9,,151.7,,176.3,78.1,,,98.9,150.7,
Republic of Moldova,2007,125.1,128.7,104.6,,75.1,,91.8,,124.4,129.9,,,109,94,
Republic of Moldova,2008,161.8,131.8,103.1,,81.3,,92.8,,130.1,136.1,,,101,95.4,
Republic of Moldova,2009,123.1,100.7,96.1,,67.7,,71.7,,92.1,96.1,,,76.7,75.3,
Republic of Moldova,2010,137.7,105,96.7,,76.2,,79.5,,101,102.9,,,82.7,82.3,
Republic of Moldova,2011,141.3,106.4,92.9,,81,,88.8,,125.1,131.4,,,100.3,90,
Republic of Moldova,2012,115,103.6,88.7,,81.4,,87.5,,141,128.7,,,85.6,88.4,
Republic of Moldova,2013,149.4,106.8,84.8,,86.1,,94.4,,157.1,157.3,,,84.9,94.4,
Romania,2007,103.1,122.6,,96.3,127.3,,126.2,,139.2,100.7,,,92.9,120.5,
Romania,2008,87.1,134.2,,96.6,136.5,,130,,148.1,100.7,,,78,123.7,
Romania,2009,55.8,120,,103.5,132.8,,121.6,,146,88.7,,,59.8,116.9,
Romania,2010,71.1,124.1,,111.9,124.2,,128.9,,164.4,82.6,,,61.5,123.3,
Romania,2011,76.7,142.3,,117,127.2,,139.2,,184,85.4,,,64.1,132.6,
Romania,2012,71.2,140,,118.9,128.2,,142.3,,186.8,93.8,,,62.3,135.8,
Romania,2013,65.7,149,,117.2,133.1,,155.3,,210.7,95.9,,,66.8,146.4,
Romania,2014,68.5,156.7,,111.7,136.4,,166.9,,225.8,96.8,,,68.3,155.2,
Russian Federation,2007,109.9,112.6,102.8,,115.7,,119.8,,133.9,106.1,,,112.8,113.5,
Russian Federation,2008,102.5,115.2,103.4,,117.9,,120.3,,132.7,106.6,,,108.6,114.2,
Russian Federation,2009,86.8,111.8,100.5,,118.3,,102,,88.1,103.5,,,93.3,102,
Russian Federation,2010,97,121.5,102.8,,122.3,,112.9,,108.3,107.5,,,103.9,109.4,
Russian Federation,2011,103,128.8,103,,127.1,,121.9,,124.6,109.5,,,107.3,114.9,
Russian Federation,2012,106.8,134.3,104.3,,132.5,,128.1,,133.5,110.5,,,106.4,118.8,
Russian Federation,2013,105.6,139.1,101.7,,133.4,,128.8,,131.8,111.7,,,108.9,119.3,
Russian Federation,2014,108,145.2,101.6,,137.1,,131.5,,125.2,113.3,,,106.2,121.3,
Saudi Arabia,2007,,,110.8,,,,121.8,,,95.4,,,,103.6,
Saudi Arabia,2008,,,114.7,,,,134.5,,,99.7,,,,110.2,
Saudi Arabia,2009,,,133.6,,,,138,,,91.4,,,,106.6,
Saudi Arabia,2010,,,163.8,,,,152,,,91.9,,,,112.3,
Saudi Arabia,2011,,,172.8,,,,165.6,,,104,,,,125.9,
Saudi Arabia,2012,,,183,,,,172.3,,,109.4,,,,132.1,
Saudi Arabia,2013,,,186,,,,178.1,,,107.8,,,,131.6,
Saudi Arabia,2014,,,195.6,,,,192.3,,,108.7,,,,134.7,
Senegal,2007,,64,106.5,,128.3,,105,,94.3,67.6,,,103,103,
Senegal,2008,,58,106.5,,106.4,,92.4,,83,77.6,,,50.1,93.4,
Senegal,2009,,58.6,107,,114.2,,100,,77,88.3,,,73.8,100.2,
Senegal,2010,,59.4,116.8,,114.3,,102.1,,91.9,94.4,,,33.4,103.6,
Senegal,2011,,66.9,115.8,,115.2,,109.3,,90.4,111.6,,,34.5,110.4,
Senegal,2012,,69.9,122.5,,109.4,,107.7,,93,108.4,,,39.3,109.7,
Senegal,2013,,58.2,125.1,,101.7,,102.6,,77.3,87.4,,,43.4,104.6,
Senegal,2014,,55.3,132.7,,99.9,,98.8,,85.3,85.5,,,31,102.5,
Serbia,2007,120.2,111.4,,105.7,110.2,,109.4,,95.5,104.4,,,87.3,108.5,
Serbia,2008,124.4,110.8,,107.8,109.4,,110.6,,104.5,109.9,,,77.5,110,
Serbia,2009,88.6,86.6,,108.7,102.2,,92.8,,82.4,105.7,,,57.4,96.1,
Serbia,2010,107.3,96.6,,103.9,103.5,,95.2,,80,109.8,,,60.2,97.3,
Serbia,2011,103.3,96.4,,114,100.8,,95,,83.4,120.6,,,57.9,99.7,
Serbia,2012,55,91.4,,105.9,101.3,,94.1,,87.8,120.6,,,57.8,97.5,
Serbia,2013,50.5,103,,114.6,95.9,,98.6,,99,127.1,,,55.4,102.8,
Serbia,2014,55.1,95.9,,91.4,99.2,,97.3,,94.4,105.8,,,49.3,96.2,
Singapore,2007,107.3,114.8,,105.9,115.6,,118.6,,120.5,,,,81.3,,
Singapore,2008,129.6,108.5,,106.5,124.6,,113.5,,116.6,,,,62.8,,
Singapore,2009,109.3,111,,107.6,118.8,,108.8,,106.8,,,,41.2,,
Singapore,2010,120.7,152.1,,116.8,126.7,,141.2,,134.7,,,,30.1,,
Singapore,2011,118.1,185.8,,118.4,131.4,,152.2,,131.8,,,,28.5,,
Singapore,2012,107,198.7,,120.8,135.9,,152.7,,130.7,,,,27.5,,
Singapore,2013,90.3,195.6,,123.4,135.9,,155.3,,134.5,,,,26.4,,
Singapore,2014,116.1,209,,126.6,138,,159.4,,137.2,,,,20.9,,
Slovakia,2007,109.1,121.2,,92.8,99.3,,146.7,,204.3,111.7,,,150.3,135.2,
Slovakia,2008,90.9,120.3,,100.2,97.9,,150.8,,224.8,99.7,,,148.4,139.5,
Slovakia,2009,81.1,114.6,,99.8,90.7,,122.6,,181.3,100.7,,,155.6,117.7,
Slovakia,2010,96.2,117,,102,87.8,,134.6,,228.2,100.5,,,116.3,127.4,
Slovakia,2011,95.4,127.5,,99.1,92,,144.2,,248.2,99.2,,,69.7,134.2,
Slovakia,2012,100,119.4,,90,90.8,,160.6,,296.3,96.1,,,81.5,144.8,
Slovakia,2013,103.1,116.5,,87.5,91.1,,171,,317.2,95.2,,,121.7,152.2,
Slovakia,2014,111.9,109.2,,83.7,89.7,,179.3,,334.6,97.9,,,92,157.9,
Slovenia,2007,127.5,115.5,,88,98.7,,115.2,,116.7,113.5,,,90.3,113.3,
Slovenia,2008,87.5,124,,89.9,91.1,,118.2,,128.2,119.7,,,81.8,116.1,
Slovenia,2009,61.5,103.9,,83.9,85.7,,96.2,,103.6,116.2,,,47.9,95.9,
Slovenia,2010,70.1,120.5,,85.5,85.4,,103.5,,114.4,132.3,,,50.1,102.8,
Slovenia,2011,78.4,104,,89.7,89.5,,104.6,,120,121.9,,,52.1,104.1,
Slovenia,2012,77.5,96.2,,99.2,84.6,,102.1,,118.9,112.9,,,47,103,
Slovenia,2013,79.7,95,,103,83.7,,100.6,,114.1,114.5,,,46.5,102,
Slovenia,2014,85.3,99.1,,88.4,83.4,,104.9,,123.4,110.1,,,45.9,104.3,
South Africa,2007,108.3,110.8,107.6,,105.2,,109.1,,112.9,97.8,,,105.3,,
South Africa,2008,97.3,118.3,105.5,,109.5,,108.7,,111.7,92.2,,,104.9,,
South Africa,2009,79.3,105.1,101.9,,111.8,,93.7,,91,86.1,,,90.3,,
South Africa,2010,86.4,112,106,,116.4,,98,,97.1,90.3,,,84.4,,
South Africa,2011,88,114.2,107.2,,119.1,,100.8,,102.4,89.5,,,81.1,,
South Africa,2012,81.2,120.1,105.3,,121.3,,103.1,,106.3,86.7,,,80.3,,
South Africa,2013,86.1,121.3,104.6,,125.7,,104.6,,106.1,89.9,,,81.6,,
South Africa,2014,84.6,121.9,103.2,,128.4,,104.3,,105.1,88.5,,,84.6,,
Spain,2007,106.9,104.7,,102.7,101.8,,106.5,,112.1,103.7,,,92.4,106.2,
Spain,2008,99.8,102.7,,103.8,101.2,,98.2,,102.4,89.5,,,81.7,98.6,
Spain,2009,75.5,95.1,,95.9,99.1,,81.5,,77,67.8,,,65.2,82.6,
Spain,2010,84.1,100,,98.7,99.3,,82,,76,70.8,,,64.3,83.4,
Spain,2011,85,100,,95.1,99.1,,80.7,,75.9,57.5,,,61.3,81.6,
Spain,2012,78.7,97.5,,95.1,96.6,,74.6,,68.1,44,,,57.3,76.2,
Spain,2013,77.5,97.8,,91.4,95.3,,73.6,,68,37.7,,,58,74.8,
Spain,2014,80.7,100.1,,89.2,98.9,,75.2,,69.4,37.7,,,57.5,75.9,
Sri Lanka,2007,113.1,115.4,111.9,,112.3,,109.1,,108.8,,,,110.2,,
Sri Lanka,2008,117.4,133.4,112.9,,119.5,,114.4,,114.2,,,,111.4,,
Sri Lanka,2009,118.1,135.9,112.7,,126.3,,117.8,,117.9,,,,111.1,,
Sri Lanka,2010,124.4,153.3,122.1,,134.9,,126.5,,128.8,,,,120.7,,
Sri Lanka,2011,,,131.5,,,,162.6,,,,,,,,
Sri Lanka,2012,,,134.6,,,,,,,,,,,,
Sri Lanka,2013,,,135.7,,,,,,,,,,,,
Sri Lanka,2014,,,140.9,,,,,,,,,,,,
State of Palestine,2007,,,,84.9,,,82.5,,,61.8,,,,85.4,126
State of Palestine,2008,,,,94.8,,,109.3,,,108,,,,107.5,123.8
State of Palestine,2009,,,,85.2,,,118.1,,,113.6,,,,111.3,111.5
State of Palestine,2010,,,,71.2,,,129.5,,,122.1,,,,115,80.3
State of Palestine,2011,,,,69.6,,,126.4,,,251.3,,,,115.8,83.7
State of Palestine,2012,,,,73.3,,,148.7,,,130.2,,,,131.2,107.2
State of Palestine,2013,,,,77,,,155,,,242.7,,,,139.3,108.2
State of Palestine,2014,,,,75.5,,,144.6,,,226.1,,,,129.6,86.6
Suriname,2007,,,106.8,,,,,,,111.3,,,,,
Suriname,2008,,,117.5,,,,,,,109.3,,,,,
Suriname,2009,,,118.4,,,,,,,77.5,,,,,
Suriname,2010,,,123.3,,,,,,,63.6,,,,,
Suriname,2011,,,136.9,,,,,,,60.3,,,,,
Suriname,2012,,,134,,,,,,,54.3,,,,,
Swaziland,2007,,,,116.9,,,118.9,,,85,,,,118.5,115.6
Swaziland,2008,,,,127.4,,,130.6,,,66.8,,,,129.4,104.7
Swaziland,2009,,,,168,,,133.7,,,51,,,,132.8,86.3
Swaziland,2010,,,,183.3,,,132.4,,,61.8,,,,131.9,78.3
Swaziland,2011,,,,185.5,,,140,,,102.3,,,,139.5,84.5
Swaziland,2012,,,,186.5,,,143,,,139.4,,,,142.8,87.8
Swaziland,2013,,,,196.6,,,147.1,,,185.4,,,,147.4,92.1
Swaziland,2014,,,,218.1,,,152.8,,,123.2,,,,152.9,91.2
Sweden,2007,96.8,97.8,,94,101.1,,108.3,,115.9,107.8,,,,106.6,
Sweden,2008,90.7,93.8,,95.5,103,,104.7,,112.8,108.3,,,,103.8,
Sweden,2009,61.7,85.6,,86.9,103.5,,84.3,,79.6,91.2,,,,85.1,
Sweden,2010,73.6,92.1,,94.3,101.5,,92,,91.2,116.8,,,,93.2,
Sweden,2011,77.4,100.3,,95.2,95.7,,94.7,,88.7,121.6,,,,95.7,
Sweden,2012,71.6,102.9,,105,93.6,,90.3,,82,124.3,,,,93.6,
Sweden,2013,68,93.7,,96.9,93.1,,86.3,,77.2,123.8,,,,89.3,
Sweden,2014,67.7,98,,98.1,87,,84.2,,74.1,124,,,,87.6,
Switzerland,2007,,113.2,,101,106.3,,122.2,,121.5,109.8,,,125.5,120.1,
Switzerland,2008,,111.6,,108.3,109.4,,123.9,,124.3,101.6,,,111.9,122.7,
Switzerland,2009,,107.2,,107.1,106,,114.8,,105.9,106.6,,,92.9,114.7,
Switzerland,2010,,96.5,,112.1,106.1,,119.4,,115.2,119,,,92.2,119.4,
Switzerland,2011,,95.5,,107.2,107.7,,125,,123.8,118.6,,,105.8,123.7,
Switzerland,2012,,94.5,,116.8,109,,127.2,,122.3,114.8,,,98.7,126.9,
Switzerland,2013,,99.4,,120.6,109.3,,127.8,,119.8,116.2,,,97.1,127.9,
Switzerland,2014,,101,,115.4,110.9,,130.4,,121.8,113.6,,,100.2,129.6,
Syrian Arab Republic,2007,84,102.9,106.3,,109,,103.7,,86.8,88.5,,,93.2,96.7,
Syrian Arab Republic,2008,70.2,94.1,112.6,,116.7,,99.1,,93.6,85.9,,,84.3,93.4,
Syrian Arab Republic,2009,64.9,91.8,118.9,,118,,98.1,,82.5,91,,,88.7,93.4,
Syrian Arab Republic,2010,59.6,91.5,127.3,,122.3,,97.2,,92.3,93.6,,,93.5,97.8,
TFYR of Macedonia,2007,155.8,98.8,,91.2,106.9,,112.2,,123.7,122.3,,,91.8,110,
TFYR of Macedonia,2008,147.4,109.3,,88.4,113.8,,118.8,,158,133.8,,,76.5,115.6,
TFYR of Macedonia,2009,84.1,101.5,,96.1,111.2,,106.5,,165.5,117.2,,,66,105.6,
TFYR of Macedonia,2010,110.8,91.7,,109.9,117.1,,98.5,,102.4,112.7,,,66.1,100.5,
TFYR of Macedonia,2011,127.7,87.6,,106.6,125.8,,108,,138.5,115.6,,,71.9,107.4,
TFYR of Macedonia,2012,113.5,65.6,,96.4,133.1,,105.6,,132.3,117.7,,,65.8,104.5,
TFYR of Macedonia,2013,101.6,59.8,,101.6,135.6,,108.5,,124.3,121.7,,,78.4,107.8,
TFYR of Macedonia,2014,103,64.2,,87.1,138.7,,118.3,,172.2,119.3,,,81.2,113,
Tajikistan,2007,,,111.5,,,,116.3,,,112.1,,,,115.5,
Tajikistan,2008,,,103.8,,,,112,,,110.1,,,,111.4,
Tajikistan,2009,,,101.5,,,,103,,,110.8,,,,104.2,
Tajikistan,2010,,,106,,,,110.8,,,128.6,,,,113.8,
Tajikistan,2011,,,106.6,,,,114.5,,,172.7,,,,120.3,
Tajikistan,2012,,,113.4,,,,126.2,,,209.3,,,,133.2,
Tajikistan,2013,,,119.3,,,,125.1,,,300.6,,,,138.5,
Tajikistan,2014,,,127.7,,,,126.4,,,375.1,,,,145.4,
Thailand,2007,99.7,101.9,101.6,,109.5,,114.9,,101.6,,,,95.5,,
Thailand,2008,92,100.4,98.5,,109.7,,120.1,,87.1,,,,88,,
Thailand,2009,82.4,98,98.4,,104.6,,111.8,,69,,,,76,,
Thailand,2010,96,106.4,109.8,,109.8,,127.7,,79.9,,,,80.3,,
Thailand,2011,90.2,108.3,108.6,,119.2,,116.8,,90,,,,67.3,,
Thailand,2012,91,113.9,119.5,,121,,119.4,,95.3,,,,58.7,,
Thailand,2013,93.5,114.2,111.1,,113.7,,115.6,,95.2,,,,58.1,,
Thailand,2014,94,116.1,,,110.7,,110.3,,99,,,,58.6,,
Togo,2007,70.1,53.3,,127.7,125.7,,106.6,,61.7,159.7,,,123,120.9,89.9
Togo,2008,65.4,43.1,,91.1,128,,104.7,,46.8,146,,,138.5,113.7,87.9
Togo,2009,58.9,37.7,,108.7,143.4,,110.7,,37,157.7,,,92.5,123.6,98.9
Togo,2010,53.8,35.2,,130.7,135.2,,103.1,,27,175.9,,,50.1,123.6,97.4
Togo,2011,62.9,103.2,,145.3,146,,119.2,,28.7,221.6,,,128.5,133.2,98.9
Togo,2012,55.2,102.1,,161.1,155.4,,121,,45.7,278.2,,,169.1,141.4,97.3
Togo,2013,60.9,103.7,,104.7,148.1,,116.3,,43.3,336.3,,,172.1,125.3,101.1
Togo,2014,73.6,87.9,,221,148.8,,111.4,,43.8,376.2,,,171.8,156,109.1
Trinidad and Tobago,2007,119.7,91.2,113,,132.6,,134.1,,147,95.4,,,105.6,122.2,
Trinidad and Tobago,2008,93.7,109.3,118.1,,157.3,,147.9,,167.1,93.8,,,122.9,131.2,
Trinidad and Tobago,2009,246.9,106,128.7,,163.3,,174.6,,158,95,,,124.3,145.7,
Trinidad and Tobago,2010,371.4,93.3,134.9,,171.8,,195.8,,144.4,91.4,,,146.4,158.7,
Trinidad and Tobago,2011,451.8,96.5,129.9,,170.7,,200.9,,140.4,86.9,,,145.2,160.7,
Trinidad and Tobago,2012,397.9,75.7,110.6,,172,,191.7,,129.1,81.7,,,128.1,152.9,
Trinidad and Tobago,2013,396.7,105.6,109.4,,165,,188.7,,109,81.2,,,118.6,150.8,
Trinidad and Tobago,2014,369,85.6,104.5,,155.6,,175.7,,93.8,80.8,,,109.9,141.9,
Tunisia,2007,115.9,97.9,,108.5,108.6,,113.4,,173.2,113.8,,,106.4,113.3,109
Tunisia,2008,114.9,98.6,,113.4,110.8,,117.3,,204.1,107.6,,,107.8,114.5,112.1
Tunisia,2009,92.9,101.4,,116.7,107.8,,110.2,,180.6,110,,,92.1,110.4,117.8
Tunisia,2010,129.9,66,,122.6,98.9,,114.8,,208.2,114.8,,,96.5,115.2,120.3
Tunisia,2011,127,65.6,,126.1,100.9,,111.6,,205.2,94.8,,,97.4,107.9,128.4
Tunisia,2012,103.4,96.5,,139,104.5,,116.6,,203.3,93.4,,,93.4,111.5,133
Tunisia,2013,122.5,96.1,,140.6,105.6,,119.6,,201.3,89.3,,,97.8,112.7,143.7
Tunisia,2014,128.2,92.1,,145.9,107.5,,120.1,,204.5,82.3,,,95.3,111.5,149.9
Turkey,2007,126.1,116.8,,118.1,108.9,,114.4,,117.9,116.3,,,102.1,114.8,
Turkey,2008,123.5,115.8,,122.6,113.3,,112.7,,118.4,125.9,,,91.3,114.2,
Turkey,2009,104.5,110.3,,119.8,112.6,,99.9,,93.1,124.9,,,81.8,102.9,
Turkey,2010,116.5,124.4,,129.8,121.8,,114.3,,115.3,127.5,,,91.3,116.4,
Turkey,2011,129.6,135.9,,141,128.7,,126.3,,136.7,135.9,,,92,128.1,
Turkey,2012,136.4,141.1,,147.6,135.3,,129.2,,136.5,138.8,,,96.3,131.4,
Turkey,2013,143,141.6,,147.7,140.8,,134.3,,145.4,133.7,,,98.9,135.4,
Turkey,2014,143.6,150,,154.6,147.4,,138.6,,148.8,143.7,,,99,140.2,
Uganda,2007,113.3,103.2,70,,117.1,,113.5,,,,,,118.1,,
Uganda,2008,106.3,107.3,76.1,,127.5,,118,,,,,,119.4,,
Uganda,2009,99.5,129.2,68.3,,141.5,,138.2,,,,,,120.2,,
Uganda,2010,109.1,124.5,68.5,,142.1,,142.8,,,,,,125.1,,
Uganda,2011,122.7,145.2,73.1,,146.1,,148.4,,,,,,140.7,,
Uganda,2012,114,141.1,71.4,,157.3,,153.7,,,,,,94.8,,
Uganda,2013,119.3,145.4,,,163.7,,158.2,,,,,,83.7,,
Ukraine,2007,,103.3,108.9,,118.6,136.8,116.5,117,,108.6,,,95,114.1,
Ukraine,2008,,93.1,106.9,,116.6,139.7,109.3,102.6,,103.9,,,85.3,108,
Ukraine,2009,,79.6,95.1,,110.3,78.9,80.3,82.1,,92.9,,,63.5,84.3,
Ukraine,2010,,90.3,104.1,,115.2,109.4,91.5,92.5,,96.3,,,69.2,93.8,
Ukraine,2011,,96.5,109.7,,115.1,129.9,98.9,100.9,,103.3,,,75.1,101,
Ukraine,2012,,93.9,112.9,,117.1,123.5,95.3,95.7,,105.3,,,71,99.2,
United Kingdom,2007,102.3,100.2,,100.3,98.9,,103,,105.9,91.3,,,98.5,101,101.8
United Kingdom,2008,98.3,99.7,,102.1,95.9,,100,,102.3,86.2,,,98.9,98.3,101.8
United Kingdom,2009,74.4,91.5,,99.7,94.5,,90.6,,86.6,78.3,,,89.8,89.6,93.6
United Kingdom,2010,84.6,91.1,,103.7,98.3,,94.9,,97.3,75.4,,,92.9,92.4,93.4
United Kingdom,2011,83,90.8,,97.3,104.4,,96.6,,102.3,64.7,,,93.6,91.7,98.3
United Kingdom,2012,80.9,87.4,,96.5,101.6,,95.4,,105.6,57.7,,,90.6,89.2,97.4
United Kingdom,2013,82.7,85.9,,96.8,99.8,,94.9,,104.6,56.2,,,86.2,88.7,100.8
United Kingdom,2014,81.8,85.7,,90.8,104.9,,97.5,,107,56.5,,,83.5,90.2,101.4
United States,2007,104.9,105.3,,102.7,99,,106,,115.4,103.1,,,80.1,105.3,
United States,2008,105.1,99,,102.7,95.5,,101.1,,113.6,104.3,,,67.8,101.8,
United States,2009,78.2,92.2,,100.1,94.3,,87.3,,94.3,98.8,,,52.1,90.4,
United States,2010,96,93.4,,103.7,94.6,,93,,105.7,104,,,54.3,95.8,
United States,2011,102.9,94.3,,103.5,94,,96,,113.8,109.7,,,53.1,98.9,
United States,2012,100.9,93.9,,101.3,94.1,,98.8,,122.1,117.9,,,51.1,101.8,
United States,2013,103.7,95.5,,103.8,95.2,,99.8,,122.9,125.6,,,51.1,104,
United States,2014,106.4,98.2,,104.9,95.2,,102.6,,127.6,139.2,,,51.6,108.1,
Uruguay,2007,126.6,94.4,,,116.7,,115.7,,138.1,,,,107.2,,
Uruguay,2008,118.6,113.4,,,121.6,,129.7,,148.4,,,,98.4,,
Uruguay,2009,93.1,108.6,,,123.4,,124.6,,126.8,,,,76.3,,
Uruguay,2010,102,112.6,,,125.4,,129,,130.6,,,,75.6,,
Uruguay,2011,109.3,101.6,,,128.7,,129.7,,146.3,,,,83.2,,
Uruguay,2012,121.3,122,,,134,,137.2,,144.7,,,,78.2,,
Uruguay,2013,117.1,134.7,,,136.9,,142.7,,147.2,,,,73.5,,
Uruguay,2014,110.5,133.6,,,136.3,,144.4,,150.5,,,,67.5,,
Uzbekistan,2007,,,,,,,,,,,,,,125.6,
Uzbekistan,2008,,,,,,,,,,,,,,140.1,
Uzbekistan,2009,,,,,,,,,,,,,,152.5,
Uzbekistan,2010,,,,,,,,,,,,,,164.9,
Uzbekistan,2011,,,,,,,,,,,,,,175.3,
Venezuela (Boliv. Rep. of),2007,112.5,109.6,108.9,,122.4,,117.7,,110.5,,,,110.8,,
Venezuela (Boliv. Rep. of),2008,100.6,108.8,113.6,,127.3,,119.3,,111.1,,,,117.2,,
Venezuela (Boliv. Rep. of),2009,61.6,103.1,118.5,,123.9,,105.1,,96.5,,,,100.6,,
Venezuela (Boliv. Rep. of),2010,38.7,106.6,110.8,,131.5,,102.5,,87.9,,,,111.8,,
Venezuela (Boliv. Rep. of),2011,44.6,105.2,116.8,,124.7,,104.3,,85.2,,,,111.4,,
Venezuela (Boliv. Rep. of),2012,49.9,104.9,121.6,,121,,106.3,,84.4,,,,120.3,,
Viet Nam,2010,154.7,,,228,,,165.3,,,104.5,,,,156.2,100.9
Viet Nam,2012,215,,,288.2,,,183.3,,,112.9,,,,173.9,104.3
Viet Nam,2013,207.9,,,311.7,,,200.2,,,112,,,,185.9,114.6
Viet Nam,2014,226.4,,,346.3,,,218.8,,,108.8,,,,199.2,122.7
Zambia,2007,95,108.4,113.8,,117.4,,110.2,,108.6,119.7,,,74.8,114.8,
Zambia,2008,116.8,115.5,111.1,,120.9,,112.1,,105.9,132.3,,,57.2,120.9,
Zambia,2009,111.1,114.8,120.5,,127.1,,113.9,,95.5,144.7,,,45.8,128.3,
Zambia,2010,108.9,118,131.1,,136.4,,121.5,,107.7,162.4,,,19.9,140.7,
Zambia,2011,107.9,126.5,144.3,,149,,134.4,,125.6,163.8,,,9,148.5,
Zambia,2012,123,139.3,150,,159.6,,142.4,,121,160.8,,,9.3,151.5,
Zambia,2013,130.8,152.5,162.1,,169.3,,149.5,,116.7,163.8,,,14.1,157.3,
Zimbabwe,2007,,50.5,75.9,,50.1,,79.9,,87,,,,134.4,,
Zimbabwe,2008,,35.1,75.8,,42.4,,59.2,,67.6,,,,91.1,,
Zimbabwe,2009,,36.3,72.5,,50.5,,59.2,,63.6,,,,84.8,,
Zimbabwe,2010,,,79.5,,,,,,,,,,,,
Zimbabwe,2011,,,86.9,,,,,,,,,,,,
